scenario_id,scenario,name,metric,n,mean,sd,median,q1,q3,iqr,min,max,ci_low,ci_high,ci_half
1,Q1,Normal,finality_success_pct,100,100.0,0.0,100.0,100.0,100.0,0.0,100.0,100.0,100.0,100.0,0.0
1,Q1,Normal,receipt_success_pct,100,100.0,0.0,100.0,100.0,100.0,0.0,100.0,100.0,100.0,100.0,0.0
1,Q1,Normal,logical_throughput,100,0.44438799602201895,0.05281975499356805,0.48,0.3870967741935484,0.4897959183673469,0.10269914417379855,0.38095238095238093,0.5106382978723404,0.43390741069833105,0.45486858134570685,0.010480585323687905
1,Q1,Normal,mean_finality_latency,100,19.31791666666667,0.7998679175124909,19.375,18.875,19.958333333333332,1.0833333333333321,18.291666666666668,21.625,19.15920551857083,19.47662781476251,0.15871114809584105
1,Q1,Normal,mean_receipt_latency,100,33.51541666666667,1.167683164073652,33.625,32.875,34.458333333333336,1.5833333333333357,32.041666666666664,36.875,33.283722993842964,33.74711033949037,0.2316936728237004
1,Q1,Normal,cross_shard_ratio_pct,100,11.625,6.134453811793154,12.5,8.333333333333334,16.666666666666668,8.333333333333334,4.166666666666667,29.166666666666668,10.407791275791611,12.842208724208389,1.217208724208389
1,Q1,Normal,reconfiguration_events,100,0.05,0.2190429135575903,0.0,0.0,0.0,0.0,0.0,1.0,0.006537133779415102,0.0934628662205849,0.0434628662205849
1,Q1,Normal,shard_load_std,100,2.68,1.2050399213807037,2.0,2.0,3.0,1.0,1.0,9.0,2.4408939360658044,2.919106063934196,0.23910606393419562
1,Q1,Normal,eligible_validators,100,10.0,0.0,10.0,10.0,10.0,0.0,10.0,10.0,10.0,10.0,0.0
1,Q1,Normal,committee_recoveries,100,0.0,0.0,0.0,0.0,0.0,0.0,0.0,0.0,0.0,0.0,0.0
1,Q1,Normal,quarantine_events,100,0.0,0.0,0.0,0.0,0.0,0.0,0.0,0.0,0.0,0.0,0.0
1,Q1,Normal,slashing_events,100,0.0,0.0,0.0,0.0,0.0,0.0,0.0,0.0,0.0,0.0,0.0
1,Q1,Normal,reward_gini,100,50.28789999999999,5.746510982739656,49.995,46.53,54.245,7.714999999999996,35.7,63.58,49.14766754955704,51.428132450442945,1.1402324504429546
1,Q1,Normal,reward_hhi,100,19.287999999999997,2.7006961317333715,18.490000000000002,17.43,21.145,3.715,14.68,25.79,18.752123295433076,19.823876704566917,0.5358767045669219
1,Q1,Normal,nakamoto_coefficient,100,2.57,0.497569851956243,3.0,2.0,3.0,1.0,2.0,3.0,2.4712713465150076,2.668728653484992,0.09872865348499214
1,Q1,Normal,owner_concentration_pct,100,28.7991,6.196976795506048,25.0,24.03,34.61,10.579999999999998,20.19,43.58,27.569485359376923,30.028714640623075,1.2296146406230775
2,Q2,High load,finality_success_pct,100,95.65,1.1021100056920201,95.0,95.0,97.5,2.5,95.0,97.5,95.4313174644193,95.86868253558072,0.21868253558071094
2,Q2,High load,receipt_success_pct,100,95.65,1.1021100056920201,95.0,95.0,97.5,2.5,95.0,97.5,95.4313174644193,95.86868253558072,0.21868253558071094
2,Q2,High load,logical_throughput,100,0.6261676168217649,0.05927535074531666,0.59375,0.5846153846153846,0.7169811320754716,0.132365747460087,0.5846153846153846,0.78,0.6144061012457561,0.6379291323977737,0.01176151557600879
2,Q2,High load,mean_finality_latency,100,22.694338731443995,0.6984469698821621,22.68859649122807,22.144062078272604,23.203947368421055,1.0598852901484506,21.23076923076923,24.13157894736842,22.55575169970156,22.83292576318643,0.13858703174243542
2,Q2,High load,mean_receipt_latency,100,37.209318488529014,1.0185528398294534,37.16835357624831,36.39321862348178,37.940789473684205,1.5475708502024261,35.0,39.3421052631579,37.00721550744141,37.41142146961662,0.20210298108760866
2,Q2,High load,cross_shard_ratio_pct,100,15.45,5.2750125664075505,15.0,12.5,20.0,7.5,5.0,27.5,14.403323064590277,16.496676935409724,1.0466769354097234
2,Q2,High load,reconfiguration_events,100,5.48,0.8701561452818208,5.0,5.0,6.0,1.0,4.0,9.0,5.307342142600472,5.652657857399529,0.17265785739952824
2,Q2,High load,shard_load_std,100,8.11,2.7336104811450848,8.0,7.0,9.0,2.0,1.0,16.0,7.567592374427761,8.652407625572238,0.542407625572238
2,Q2,High load,eligible_validators,100,10.0,0.0,10.0,10.0,10.0,0.0,10.0,10.0,10.0,10.0,0.0
2,Q2,High load,committee_recoveries,100,0.0,0.0,0.0,0.0,0.0,0.0,0.0,0.0,0.0,0.0,0.0
2,Q2,High load,quarantine_events,100,0.0,0.0,0.0,0.0,0.0,0.0,0.0,0.0,0.0,0.0,0.0
2,Q2,High load,slashing_events,100,0.0,0.0,0.0,0.0,0.0,0.0,0.0,0.0,0.0,0.0,0.0
2,Q2,High load,reward_gini,100,50.33469999999999,5.816510887034417,49.769999999999996,46.464999999999996,54.162499999999994,7.697499999999998,36.31,64.41,49.18057804988592,51.48882195011406,1.1541219501140638
2,Q2,High load,reward_hhi,100,19.3218,2.816573740622396,18.225,17.3025,21.482499999999998,4.18,14.7,26.04,18.762930663846387,19.880669336153613,0.5588693361536123
2,Q2,High load,nakamoto_coefficient,100,2.57,0.497569851956243,3.0,2.0,3.0,1.0,2.0,3.0,2.4712713465150076,2.668728653484992,0.09872865348499214
2,Q2,High load,owner_concentration_pct,100,29.072000000000003,6.392729140092349,26.565,23.68,34.61,10.93,20.44,42.6,27.803543847332833,30.340456152667173,1.26845615266717
3,Q3,Cross-shard,finality_success_pct,100,100.0,0.0,100.0,100.0,100.0,0.0,100.0,100.0,100.0,100.0,0.0
3,Q3,Cross-shard,receipt_success_pct,100,100.0,0.0,100.0,100.0,100.0,0.0,100.0,100.0,100.0,100.0,0.0
3,Q3,Cross-shard,logical_throughput,100,0.4882756535947712,0.054408993467183656,0.4444444444444444,0.4375,0.5490196078431373,0.1115196078431373,0.4375,0.56,0.47747972887913714,0.4990715783104053,0.010795924715634045
3,Q3,Cross-shard,mean_finality_latency,100,26.50571428571428,0.2701248403905145,26.607142857142858,26.214285714285715,26.642857142857142,0.42857142857142705,26.178571428571427,27.107142857142858,26.452115656979537,26.559312914449023,0.05359862873474343
3,Q3,Cross-shard,mean_receipt_latency,100,43.94571428571428,0.40251092959523416,44.107142857142854,43.5,44.142857142857146,0.6428571428571459,43.464285714285715,44.82142857142857,43.865847384744114,44.02558118668445,0.07986690097016706
3,Q3,Cross-shard,cross_shard_ratio_pct,100,63.28571428571429,2.2173209193459593,64.28571428571429,60.714285714285715,64.28571428571429,3.5714285714285765,60.714285714285715,67.85714285714286,62.84574971018695,63.72567886124163,0.4399645755273432
3,Q3,Cross-shard,reconfiguration_events,100,0.58,0.5717243101956457,1.0,0.0,1.0,1.0,0.0,2.0,0.4665574932075748,0.6934425067924251,0.11344250679242515
3,Q3,Cross-shard,shard_load_std,100,5.9,3.0401355631656033,5.0,3.0,9.0,6.0,2.0,12.0,5.296771148044609,6.503228851955392,0.603228851955391
3,Q3,Cross-shard,eligible_validators,100,10.0,0.0,10.0,10.0,10.0,0.0,10.0,10.0,10.0,10.0,0.0
3,Q3,Cross-shard,committee_recoveries,100,0.0,0.0,0.0,0.0,0.0,0.0,0.0,0.0,0.0,0.0,0.0
3,Q3,Cross-shard,quarantine_events,100,0.0,0.0,0.0,0.0,0.0,0.0,0.0,0.0,0.0,0.0,0.0
3,Q3,Cross-shard,slashing_events,100,0.0,0.0,0.0,0.0,0.0,0.0,0.0,0.0,0.0,0.0,0.0
3,Q3,Cross-shard,reward_gini,100,50.128099999999996,5.938638196275526,49.89,46.37,54.5975,8.2275,36.09,62.74,48.94974534216115,51.30645465783884,1.1783546578388484
3,Q3,Cross-shard,reward_hhi,100,19.2799,2.8183502212636684,18.36,17.2925,21.735,4.442499999999999,14.63,25.02,18.72067817154613,19.839121828453873,0.5592218284538701
3,Q3,Cross-shard,nakamoto_coefficient,100,2.56,0.49888765156985887,3.0,2.0,3.0,1.0,2.0,3.0,2.461009866481795,2.658990133518205,0.09899013351820521
3,Q3,Cross-shard,owner_concentration_pct,100,28.901499999999995,6.619795745117118,25.27,23.4825,34.61,11.127499999999998,20.05,42.85,27.587988906649894,30.215011093350096,1.3135110933501024
4,Q4,Poor connectivity,finality_success_pct,100,72.54166666666667,2.8460671468299696,70.83333333333333,70.83333333333333,75.0,4.166666666666671,66.66666666666667,79.16666666666667,71.97694519885735,73.10638813447599,0.5647214678093215
4,Q4,Poor connectivity,receipt_success_pct,100,48.375,2.9548961632480415,50.0,45.833333333333336,50.0,4.166666666666664,41.666666666666664,54.166666666666664,47.788684494270555,48.961315505729445,0.5863155057294429
4,Q4,Poor connectivity,logical_throughput,100,0.19082577717760824,0.023197611662270086,0.19047619047619047,0.1767153097798259,0.1935483870967742,0.016833077316948275,0.15873015873015872,0.26666666666666666,0.18622286774794872,0.19542868660726775,0.004602909429659507
4,Q4,Poor connectivity,mean_finality_latency,100,26.299719642242863,0.7547837254877039,26.352941176470587,25.647058823529413,26.45098039215686,0.8039215686274481,24.8125,28.555555555555557,26.14995417595344,26.449485108532286,0.1497654662894251
4,Q4,Poor connectivity,mean_receipt_latency,100,46.077230769230766,1.5204368721332124,45.63636363636363,45.416666666666664,47.109848484848484,1.6931818181818201,43.72727272727273,51.1,45.77554310768039,46.37891843078114,0.3016876615503751
4,Q4,Poor connectivity,cross_shard_ratio_pct,100,7.916666666666666,4.29107208787031,8.333333333333334,4.166666666666667,8.333333333333334,4.166666666666667,0.0,20.833333333333332,7.065224868943507,8.768108464389826,0.851441797723159
4,Q4,Poor connectivity,reconfiguration_events,100,0.0,0.0,0.0,0.0,0.0,0.0,0.0,0.0,0.0,0.0,0.0
4,Q4,Poor connectivity,shard_load_std,100,2.95,0.5573204290227128,3.0,3.0,3.0,0.0,2.0,4.0,2.839415535726772,3.0605844642732283,0.11058446427322817
4,Q4,Poor connectivity,eligible_validators,100,10.0,0.0,10.0,10.0,10.0,0.0,10.0,10.0,10.0,10.0,0.0
4,Q4,Poor connectivity,committee_recoveries,100,0.0,0.0,0.0,0.0,0.0,0.0,0.0,0.0,0.0,0.0,0.0
4,Q4,Poor connectivity,quarantine_events,100,0.0,0.0,0.0,0.0,0.0,0.0,0.0,0.0,0.0,0.0,0.0
4,Q4,Poor connectivity,slashing_events,100,0.0,0.0,0.0,0.0,0.0,0.0,0.0,0.0,0.0,0.0,0.0
4,Q4,Poor connectivity,reward_gini,100,49.99969999999999,5.659116977019998,49.46,46.12,53.44,7.32,34.68,63.36,48.87680841631863,51.12259158368135,1.1228915836813562
4,Q4,Poor connectivity,reward_hhi,100,19.1125,2.6820286212590134,18.455,17.25,20.52,3.2699999999999996,14.39,26.05,18.580327334505792,19.64467266549421,0.5321726654942082
4,Q4,Poor connectivity,nakamoto_coefficient,100,2.59,0.49431107042371025,3.0,2.0,3.0,1.0,2.0,3.0,2.4919179594708445,2.6880820405291552,0.09808204052915533
4,Q4,Poor connectivity,owner_concentration_pct,100,29.261799999999997,5.799220494465988,27.48,24.4,33.9275,9.527500000000003,20.85,44.97,28.11110883888932,30.412491161110676,1.150691161110678
5,Q5,Stake skew,finality_success_pct,100,100.0,0.0,100.0,100.0,100.0,0.0,100.0,100.0,100.0,100.0,0.0
5,Q5,Stake skew,receipt_success_pct,100,100.0,0.0,100.0,100.0,100.0,0.0,100.0,100.0,100.0,100.0,0.0
5,Q5,Stake skew,logical_throughput,100,0.451016881558929,0.051627201192846875,0.48,0.3870967741935484,0.4897959183673469,0.10269914417379855,0.38095238095238093,0.5106382978723404,0.44077292478194807,0.4612608383359099,0.010243956776980928
5,Q5,Stake skew,mean_finality_latency,100,19.369999999999997,0.6897894488364913,19.416666666666668,18.916666666666668,19.958333333333332,1.0416666666666643,18.333333333333332,21.083333333333332,19.233130808259315,19.50686919174068,0.13686919174068177
5,Q5,Stake skew,mean_receipt_latency,100,33.58500000000001,1.009371769591381,33.666666666666664,32.916666666666664,34.458333333333336,1.5416666666666714,32.083333333333336,36.083333333333336,33.384718742432405,33.78528125756761,0.2002812575675998
5,Q5,Stake skew,cross_shard_ratio_pct,100,11.91666666666667,5.330675895178662,12.5,8.333333333333334,16.666666666666668,8.333333333333334,4.166666666666667,25.0,10.85894491920401,12.97438841412933,1.0577217474626601
5,Q5,Stake skew,reconfiguration_events,100,0.02,0.14070529413628965,0.0,0.0,0.0,0.0,0.0,1.0,-0.007918982980317884,0.04791898298031788,0.027918982980317884
5,Q5,Stake skew,shard_load_std,100,2.46,1.0863710324755627,2.0,2.0,3.0,1.0,1.0,9.0,2.244440418164955,2.675559581835045,0.215559581835045
5,Q5,Stake skew,eligible_validators,100,10.0,0.0,10.0,10.0,10.0,0.0,10.0,10.0,10.0,10.0,0.0
5,Q5,Stake skew,committee_recoveries,100,0.0,0.0,0.0,0.0,0.0,0.0,0.0,0.0,0.0,0.0,0.0
5,Q5,Stake skew,quarantine_events,100,0.0,0.0,0.0,0.0,0.0,0.0,0.0,0.0,0.0,0.0,0.0
5,Q5,Stake skew,slashing_events,100,0.0,0.0,0.0,0.0,0.0,0.0,0.0,0.0,0.0,0.0,0.0
5,Q5,Stake skew,reward_gini,100,46.9497,4.063736762481974,47.3,45.04,49.4825,4.442500000000003,38.84,56.47,46.14336646290984,47.75603353709016,0.8063335370901641
5,Q5,Stake skew,reward_hhi,100,17.4335,1.4011642885958677,17.37,16.52,18.2,1.6799999999999997,14.91,21.62,17.155478606661056,17.71152139333894,0.2780213933389444
5,Q5,Stake skew,nakamoto_coefficient,100,2.93,0.25643239997624284,3.0,3.0,3.0,0.0,2.0,3.0,2.879118248503115,2.9808817514968853,0.05088175149688494
5,Q5,Stake skew,owner_concentration_pct,100,45.8185,11.050520749647225,46.79,40.06,51.52,11.46,20.51,66.98,43.625836940469256,48.011163059530745,2.192663059530747
6,Q6,Risky/offline,finality_success_pct,100,100.0,0.0,100.0,100.0,100.0,0.0,100.0,100.0,100.0,100.0,0.0
6,Q6,Risky/offline,receipt_success_pct,100,100.0,0.0,100.0,100.0,100.0,0.0,100.0,100.0,100.0,100.0,0.0
6,Q6,Risky/offline,logical_throughput,100,0.44695714519163876,0.050781267759407805,0.48,0.3870967741935484,0.4897959183673469,0.10269914417379855,0.38095238095238093,0.5106382978723404,0.4368810399605122,0.4570332504227653,0.010076105231126578
6,Q6,Risky/offline,mean_finality_latency,100,19.39708333333333,0.8011779128132515,19.416666666666668,18.916666666666668,19.958333333333332,1.0416666666666643,18.291666666666668,21.625,19.238112253749264,19.556054412917398,0.15897107958406784
6,Q6,Risky/offline,mean_receipt_latency,100,33.632083333333334,1.169849779199131,33.666666666666664,32.916666666666664,34.458333333333336,1.5416666666666714,32.041666666666664,36.875,33.39995975706368,33.86420690960299,0.2321235762696543
6,Q6,Risky/offline,cross_shard_ratio_pct,100,12.249999999999998,6.149443598054752,12.5,8.333333333333334,16.666666666666668,8.333333333333334,4.166666666666667,29.166666666666668,11.029816976991517,13.47018302300848,1.2201830230084811
6,Q6,Risky/offline,reconfiguration_events,100,0.04,0.19694638556693236,0.0,0.0,0.0,0.0,0.0,1.0,0.0009215643204418325,0.07907843567955816,0.03907843567955817
6,Q6,Risky/offline,shard_load_std,100,2.71,1.1572782419508842,3.0,2.0,3.0,1.0,1.0,9.0,2.4803708894618928,2.939629110538107,0.2296291105381072
6,Q6,Risky/offline,eligible_validators,100,6.0,0.0,6.0,6.0,6.0,0.0,6.0,6.0,6.0,6.0,0.0
6,Q6,Risky/offline,committee_recoveries,100,1.15,0.5751591786697667,1.0,1.0,1.25,0.25,0.0,2.0,1.0358759407822926,1.2641240592177072,0.11412405921770721
6,Q6,Risky/offline,quarantine_events,100,2.0,0.0,2.0,2.0,2.0,0.0,2.0,2.0,2.0,2.0,0.0
6,Q6,Risky/offline,slashing_events,100,2.0,0.0,2.0,2.0,2.0,0.0,2.0,2.0,2.0,2.0,0.0
6,Q6,Risky/offline,reward_gini,100,59.9924,3.2403061708437493,60.515,58.667500000000004,62.0925,3.424999999999997,51.95,68.16,59.34945295674818,60.63534704325183,0.6429470432518241
6,Q6,Risky/offline,reward_hhi,100,23.224199999999996,2.2713481868393903,23.045,22.0025,24.32,2.317499999999999,18.91,30.07,22.773515242471817,23.674884757528176,0.45068475752817916
6,Q6,Risky/offline,nakamoto_coefficient,100,2.14,0.3487350880197771,2.0,2.0,2.0,0.0,2.0,3.0,2.0708033926738176,2.2091966073261826,0.0691966073261823
6,Q6,Risky/offline,owner_concentration_pct,100,35.5974,5.371349287815602,36.74,33.0825,39.067499999999995,5.984999999999992,23.27,55.26,34.531607769022465,36.663192230977536,1.0657922309775347
7,Q7,Hot shard,finality_success_pct,100,100.0,0.0,100.0,100.0,100.0,0.0,100.0,100.0,100.0,100.0,0.0
7,Q7,Hot shard,receipt_success_pct,100,100.0,0.0,100.0,100.0,100.0,0.0,100.0,100.0,100.0,100.0,0.0
7,Q7,Hot shard,logical_throughput,100,0.639749019607843,0.0017657134950436388,0.64,0.64,0.64,0.0,0.6274509803921569,0.64,0.6393986637429919,0.6400993754726941,0.0003503558648510488
7,Q7,Hot shard,mean_finality_latency,100,24.275,0.2532537629223768,24.25,24.0859375,24.5,0.4140625,23.625,24.8125,24.224748959055635,24.325251040944362,0.050251040944362765
7,Q7,Hot shard,mean_receipt_latency,100,40.74,0.3777226499066812,40.71875,40.4609375,41.0625,0.6015625,39.8125,41.5625,40.665051631505705,40.8149483684943,0.07494836849429785
7,Q7,Hot shard,cross_shard_ratio_pct,100,48.375,2.1059379733208545,48.4375,46.875,50.0,3.125,43.75,53.125,47.95713621743472,48.79286378256528,0.41786378256527834
7,Q7,Hot shard,reconfiguration_events,100,7.76,0.9652549775666385,8.0,7.0,8.0,1.0,7.0,13.0,7.568472471090911,7.9515275289090885,0.1915275289090891
7,Q7,Hot shard,shard_load_std,100,9.51,1.714436621544503,10.0,10.0,10.0,0.0,5.0,13.0,9.169818579311086,9.850181420688914,0.340181420688915
7,Q7,Hot shard,eligible_validators,100,10.0,0.0,10.0,10.0,10.0,0.0,10.0,10.0,10.0,10.0,0.0
7,Q7,Hot shard,committee_recoveries,100,0.0,0.0,0.0,0.0,0.0,0.0,0.0,0.0,0.0,0.0,0.0
7,Q7,Hot shard,quarantine_events,100,0.0,0.0,0.0,0.0,0.0,0.0,0.0,0.0,0.0,0.0,0.0
7,Q7,Hot shard,slashing_events,100,0.0,0.0,0.0,0.0,0.0,0.0,0.0,0.0,0.0,0.0,0.0
7,Q7,Hot shard,reward_gini,100,56.87179999999999,5.1891863825778435,56.92,53.625,59.85,6.225000000000001,44.66,69.18,55.84215284147476,57.90144715852523,1.0296471585252358
7,Q7,Hot shard,reward_hhi,100,23.957000000000004,3.613008623451003,22.73,21.4175,26.3925,4.974999999999998,18.87,33.19,23.240100704312066,24.673899295687942,0.7168992956879388
7,Q7,Hot shard,nakamoto_coefficient,100,1.98,0.19999999999999996,2.0,2.0,2.0,0.0,1.0,3.0,1.9403156609682717,2.0196843390317283,0.03968433903172834
7,Q7,Hot shard,owner_concentration_pct,100,40.593300000000006,5.194233409962601,38.82,36.77,45.43,8.659999999999997,34.61,53.84,39.562651401745576,41.62394859825444,1.0306485982544316
