factor_id,factor,level_id,level_value,metric,n,mean,sd,median,q1,q3,iqr,min,max,ci_low,ci_high,ci_half
WORKLOAD,Transactions/run,LOW,16,submitted_tx,100,16.0,0.0,16.0,16.0,16.0,0.0,16.0,16.0,16.0,16.0,0.0
WORKLOAD,Transactions/run,LOW,16,prepared_success_pct,100,100.0,0.0,100.0,100.0,100.0,0.0,100.0,100.0,100.0,100.0,0.0
WORKLOAD,Transactions/run,LOW,16,finality_success_pct,100,100.0,0.0,100.0,100.0,100.0,0.0,100.0,100.0,100.0,100.0,0.0
WORKLOAD,Transactions/run,LOW,16,receipt_success_pct,100,100.0,0.0,100.0,100.0,100.0,0.0,100.0,100.0,100.0,100.0,0.0
WORKLOAD,Transactions/run,LOW,16,terminal_failure_pct,100,0.0,0.0,0.0,0.0,0.0,0.0,0.0,0.0,0.0,0.0,0.0
WORKLOAD,Transactions/run,LOW,16,cross_shard_ratio_pct,100,9.5,5.78988145584409,6.25,6.25,12.5,6.25,0.0,31.25,8.351161906763831,10.648838093236169,1.1488380932361688
WORKLOAD,Transactions/run,LOW,16,logical_throughput,100,0.33433997690641526,0.01580613949605226,0.3333333333333333,0.32653061224489793,0.3351063829787234,0.008575770733825483,0.25806451612903225,0.37209302325581395,0.3312036959136946,0.33747625789913593,0.0031362809927206483
WORKLOAD,Transactions/run,LOW,16,mean_finality_latency,100,18.424375,0.7295342688103739,18.0625,18.0,18.75,0.75,17.25,21.25,18.279619573706327,18.569130426293675,0.1447554262936746
WORKLOAD,Transactions/run,LOW,16,mean_receipt_latency,100,32.369375,1.0765776756894643,31.8125,31.75,32.875,1.125,30.625,36.5,32.155758632619744,32.58299136738025,0.21361636738025394
WORKLOAD,Transactions/run,LOW,16,finality_receipt_gap_pp,100,0.0,0.0,0.0,0.0,0.0,0.0,0.0,0.0,0.0,0.0,0.0
WORKLOAD,Transactions/run,LOW,16,eligible_validators,100,10.0,0.0,10.0,10.0,10.0,0.0,10.0,10.0,10.0,10.0,0.0
WORKLOAD,Transactions/run,LOW,16,active_committees,100,4.0,0.0,4.0,4.0,4.0,0.0,4.0,4.0,4.0,4.0,0.0
WORKLOAD,Transactions/run,LOW,16,committee_recoveries,100,0.0,0.0,0.0,0.0,0.0,0.0,0.0,0.0,0.0,0.0,0.0
WORKLOAD,Transactions/run,LOW,16,reconfiguration_events,100,0.0,0.0,0.0,0.0,0.0,0.0,0.0,0.0,0.0,0.0,0.0
WORKLOAD,Transactions/run,LOW,16,shard_load_std,100,2.81,0.6771150924952483,3.0,2.0,3.0,1.0,2.0,4.0,2.6756456755295925,2.9443543244704076,0.13435432447040765
WORKLOAD,Transactions/run,LOW,16,reward_gini,100,50.77509999999998,5.973232631557812,51.004999999999995,47.3,54.61,7.310000000000002,36.82,65.86,49.589881055669366,51.960318944330595,1.1852189443306156
WORKLOAD,Transactions/run,LOW,16,reward_hhi,100,19.6011,3.0298981197660124,18.8,17.435000000000002,21.46,4.024999999999999,14.74,27.95,18.999902478918045,20.202297521081952,0.6011975210819535
WORKLOAD,Transactions/run,LOW,16,nakamoto_coefficient,100,2.53,0.5016135580465919,3.0,2.0,3.0,1.0,2.0,3.0,2.430468987497837,2.6295310125021625,0.09953101250216251
WORKLOAD,Transactions/run,LOW,16,owner_concentration_pct,100,29.519699999999997,6.576975212009996,26.44,25.0,34.61,9.61,21.15,47.59,28.214685429416605,30.82471457058339,1.3050145705833907
WORKLOAD,Transactions/run,LOW,16,quarantine_events,100,0.0,0.0,0.0,0.0,0.0,0.0,0.0,0.0,0.0,0.0,0.0
WORKLOAD,Transactions/run,LOW,16,slashing_events,100,0.0,0.0,0.0,0.0,0.0,0.0,0.0,0.0,0.0,0.0,0.0
WORKLOAD,Transactions/run,LOW,16,reward_events,100,80.0,0.0,80.0,80.0,80.0,0.0,80.0,80.0,80.0,80.0,0.0
WORKLOAD,Transactions/run,LOW,16,evidence_count,100,269.0,0.0,269.0,269.0,269.0,0.0,269.0,269.0,269.0,269.0,0.0
WORKLOAD,Transactions/run,LOW,16,model_time,100,47.97,2.4800415441290617,48.0,47.75,49.0,1.25,43.0,62.0,47.477905952750056,48.46209404724994,0.4920940472499439
WORKLOAD,Transactions/run,DEFAULT,24,submitted_tx,100,24.0,0.0,24.0,24.0,24.0,0.0,24.0,24.0,24.0,24.0,0.0
WORKLOAD,Transactions/run,DEFAULT,24,prepared_success_pct,100,100.0,0.0,100.0,100.0,100.0,0.0,100.0,100.0,100.0,100.0,0.0
WORKLOAD,Transactions/run,DEFAULT,24,finality_success_pct,100,100.0,0.0,100.0,100.0,100.0,0.0,100.0,100.0,100.0,100.0,0.0
WORKLOAD,Transactions/run,DEFAULT,24,receipt_success_pct,100,100.0,0.0,100.0,100.0,100.0,0.0,100.0,100.0,100.0,100.0,0.0
WORKLOAD,Transactions/run,DEFAULT,24,terminal_failure_pct,100,0.0,0.0,0.0,0.0,0.0,0.0,0.0,0.0,0.0,0.0,0.0
WORKLOAD,Transactions/run,DEFAULT,24,cross_shard_ratio_pct,100,13.083333333333336,5.863318795287696,12.5,8.333333333333334,16.666666666666668,8.333333333333334,4.166666666666667,25.0,11.919923678716826,14.246742987949846,1.1634096546165096
WORKLOAD,Transactions/run,DEFAULT,24,logical_throughput,100,0.445436751854336,0.05310693256928032,0.48,0.3870967741935484,0.4897959183673469,0.10269914417379855,0.38095238095238093,0.5106382978723404,0.4348991842692637,0.4559743194394083,0.010537567585072283
WORKLOAD,Transactions/run,DEFAULT,24,mean_finality_latency,100,19.514583333333334,0.7680071495513991,19.458333333333332,18.90625,20.0,1.09375,18.291666666666668,21.083333333333332,19.36219405282539,19.666972613841278,0.1523892805079451
WORKLOAD,Transactions/run,DEFAULT,24,mean_receipt_latency,100,33.79958333333333,1.1195496322488172,33.708333333333336,32.90625,34.5,1.59375,32.041666666666664,36.083333333333336,33.57744039748829,34.02172626917837,0.22214293584504427
WORKLOAD,Transactions/run,DEFAULT,24,finality_receipt_gap_pp,100,0.0,0.0,0.0,0.0,0.0,0.0,0.0,0.0,0.0,0.0,0.0
WORKLOAD,Transactions/run,DEFAULT,24,eligible_validators,100,10.0,0.0,10.0,10.0,10.0,0.0,10.0,10.0,10.0,10.0,0.0
WORKLOAD,Transactions/run,DEFAULT,24,active_committees,100,4.0,0.0,4.0,4.0,4.0,0.0,4.0,4.0,4.0,4.0,0.0
WORKLOAD,Transactions/run,DEFAULT,24,committee_recoveries,100,0.0,0.0,0.0,0.0,0.0,0.0,0.0,0.0,0.0,0.0,0.0
WORKLOAD,Transactions/run,DEFAULT,24,reconfiguration_events,100,0.01,0.09999999999999999,0.0,0.0,0.0,0.0,0.0,1.0,-0.00984216951586417,0.029842169515864173,0.01984216951586417
WORKLOAD,Transactions/run,DEFAULT,24,shard_load_std,100,2.42,0.6384957068585252,2.0,2.0,3.0,1.0,1.0,6.0,2.293308599493616,2.5466914005063837,0.12669140050638378
WORKLOAD,Transactions/run,DEFAULT,24,reward_gini,100,50.46950000000001,5.964878752778932,50.38,46.535000000000004,54.527499999999996,7.992499999999993,36.41,65.38,49.28593864645785,51.65306135354217,1.1835613535421605
WORKLOAD,Transactions/run,DEFAULT,24,reward_hhi,100,19.4215,2.9040293759123057,18.465,17.365000000000002,21.4025,4.037499999999998,14.64,27.41,18.845277568440988,19.997722431559016,0.5762224315590122
WORKLOAD,Transactions/run,DEFAULT,24,nakamoto_coefficient,100,2.57,0.497569851956243,3.0,2.0,3.0,1.0,2.0,3.0,2.4712713465150076,2.668728653484992,0.09872865348499214
WORKLOAD,Transactions/run,DEFAULT,24,owner_concentration_pct,100,29.325300000000002,6.424711675329182,26.92,24.03,34.61,10.579999999999998,20.19,43.26,28.05049781847567,30.600102181524335,1.2748021815243333
WORKLOAD,Transactions/run,DEFAULT,24,quarantine_events,100,0.0,0.0,0.0,0.0,0.0,0.0,0.0,0.0,0.0,0.0,0.0
WORKLOAD,Transactions/run,DEFAULT,24,slashing_events,100,0.0,0.0,0.0,0.0,0.0,0.0,0.0,0.0,0.0,0.0,0.0
WORKLOAD,Transactions/run,DEFAULT,24,reward_events,100,120.0,0.0,120.0,120.0,120.0,0.0,120.0,120.0,120.0,120.0,0.0
WORKLOAD,Transactions/run,DEFAULT,24,evidence_count,100,397.01,0.09999999999999998,397.0,397.0,397.0,0.0,397.0,398.0,396.9901578304841,397.02984216951586,0.01984216951586417
WORKLOAD,Transactions/run,DEFAULT,24,model_time,100,54.67,6.699999999999999,50.0,49.0,62.0,13.0,47.0,63.0,53.340574642437105,55.9994253575629,1.3294253575628994
WORKLOAD,Transactions/run,HIGH,40,submitted_tx,100,40.0,0.0,40.0,40.0,40.0,0.0,40.0,40.0,40.0,40.0,0.0
WORKLOAD,Transactions/run,HIGH,40,prepared_success_pct,100,100.0,0.0,100.0,100.0,100.0,0.0,100.0,100.0,100.0,100.0,0.0
WORKLOAD,Transactions/run,HIGH,40,finality_success_pct,100,100.0,0.0,100.0,100.0,100.0,0.0,100.0,100.0,100.0,100.0,0.0
WORKLOAD,Transactions/run,HIGH,40,receipt_success_pct,100,100.0,0.0,100.0,100.0,100.0,0.0,100.0,100.0,100.0,100.0,0.0
WORKLOAD,Transactions/run,HIGH,40,terminal_failure_pct,100,0.0,0.0,0.0,0.0,0.0,0.0,0.0,0.0,0.0,0.0,0.0
WORKLOAD,Transactions/run,HIGH,40,cross_shard_ratio_pct,100,15.375,4.785486792206602,15.0,12.5,17.5,5.0,7.5,32.5,14.425455598531075,16.324544401468923,0.9495444014689248
WORKLOAD,Transactions/run,HIGH,40,logical_throughput,100,0.6806162457579539,0.06749598537985628,0.6400409626216077,0.6349206349206349,0.7843137254901961,0.14939309056956118,0.625,0.8,0.6672235779224799,0.6940089135934279,0.013392667835473982
WORKLOAD,Transactions/run,HIGH,40,mean_finality_latency,100,20.706999999999997,0.61480143793001,20.65,20.325,21.025,0.6999999999999993,19.625,22.9,20.585010056499954,20.82898994350004,0.12198994350004304
WORKLOAD,Transactions/run,HIGH,40,mean_receipt_latency,100,35.2295,0.901572559924092,35.15,34.675,35.675,1.0,33.675,38.45,35.05060844435135,35.408391555648656,0.17889155564865444
WORKLOAD,Transactions/run,HIGH,40,finality_receipt_gap_pp,100,0.0,0.0,0.0,0.0,0.0,0.0,0.0,0.0,0.0,0.0,0.0
WORKLOAD,Transactions/run,HIGH,40,eligible_validators,100,10.0,0.0,10.0,10.0,10.0,0.0,10.0,10.0,10.0,10.0,0.0
WORKLOAD,Transactions/run,HIGH,40,active_committees,100,4.0,0.0,4.0,4.0,4.0,0.0,4.0,4.0,4.0,4.0,0.0
WORKLOAD,Transactions/run,HIGH,40,committee_recoveries,100,0.0,0.0,0.0,0.0,0.0,0.0,0.0,0.0,0.0,0.0,0.0
WORKLOAD,Transactions/run,HIGH,40,reconfiguration_events,100,5.51,0.9795381306998464,5.0,5.0,6.0,1.0,4.0,9.0,5.315638383634009,5.704361616365991,0.1943616163659907
WORKLOAD,Transactions/run,HIGH,40,shard_load_std,100,7.87,2.627188842112651,8.0,7.0,9.0,2.0,1.0,17.0,7.348708736446139,8.391291263553862,0.5212912635538614
WORKLOAD,Transactions/run,HIGH,40,reward_gini,100,50.227299999999985,5.957836678601461,50.03,46.7675,54.29,7.522500000000001,35.96,64.0,49.045135946753554,51.40946405324642,1.1821640532464337
WORKLOAD,Transactions/run,HIGH,40,reward_hhi,100,19.3126,2.8355451687533395,18.365000000000002,17.28,21.4625,4.182499999999997,14.63,25.76,18.749966320917064,19.875233679082935,0.5626336790829345
WORKLOAD,Transactions/run,HIGH,40,nakamoto_coefficient,100,2.57,0.49756985195624304,3.0,2.0,3.0,1.0,2.0,3.0,2.4712713465150076,2.668728653484992,0.09872865348499216
WORKLOAD,Transactions/run,HIGH,40,owner_concentration_pct,100,29.049100000000006,6.532324921403396,26.535,23.6025,34.61,11.0075,20.76,43.26,27.752945015768102,30.34525498423191,1.2961549842319031
WORKLOAD,Transactions/run,HIGH,40,quarantine_events,100,0.0,0.0,0.0,0.0,0.0,0.0,0.0,0.0,0.0,0.0,0.0
WORKLOAD,Transactions/run,HIGH,40,slashing_events,100,0.0,0.0,0.0,0.0,0.0,0.0,0.0,0.0,0.0,0.0,0.0
WORKLOAD,Transactions/run,HIGH,40,reward_events,100,200.0,0.0,200.0,200.0,200.0,0.0,200.0,200.0,200.0,200.0,0.0
WORKLOAD,Transactions/run,HIGH,40,evidence_count,100,658.51,0.9795381306998465,658.0,658.0,659.0,1.0,657.0,662.0,658.315638383634,658.704361616366,0.19436161636599072
WORKLOAD,Transactions/run,HIGH,40,model_time,100,59.3,5.396407334626633,62.5,51.0,63.0,12.0,50.0,64.0,58.22923570889685,60.37076429110314,1.0707642911031443
CROSS_SHARD_PCT,Cross-shard demand,LOW,20%,submitted_tx,100,28.0,0.0,28.0,28.0,28.0,0.0,28.0,28.0,28.0,28.0,0.0
CROSS_SHARD_PCT,Cross-shard demand,LOW,20%,prepared_success_pct,100,100.0,0.0,100.0,100.0,100.0,0.0,100.0,100.0,100.0,100.0,0.0
CROSS_SHARD_PCT,Cross-shard demand,LOW,20%,finality_success_pct,100,100.0,0.0,100.0,100.0,100.0,0.0,100.0,100.0,100.0,100.0,0.0
CROSS_SHARD_PCT,Cross-shard demand,LOW,20%,receipt_success_pct,100,100.0,0.0,100.0,100.0,100.0,0.0,100.0,100.0,100.0,100.0,0.0
CROSS_SHARD_PCT,Cross-shard demand,LOW,20%,terminal_failure_pct,100,0.0,0.0,0.0,0.0,0.0,0.0,0.0,0.0,0.0,0.0,0.0
CROSS_SHARD_PCT,Cross-shard demand,LOW,20%,cross_shard_ratio_pct,100,28.857142857142858,4.780267624855776,28.571428571428573,25.0,32.142857142857146,7.142857142857146,17.857142857142858,42.857142857142854,27.908634051707,29.805651662578715,0.9485088054358572
CROSS_SHARD_PCT,Cross-shard demand,LOW,20%,logical_throughput,100,0.4811860599078341,0.05199986225995517,0.4444444444444444,0.4444444444444444,0.5490196078431373,0.10457516339869288,0.4375,0.5714285714285714,0.4708681590901979,0.49150396072547026,0.010317900817636184
CROSS_SHARD_PCT,Cross-shard demand,LOW,20%,mean_finality_latency,100,21.989642857142858,0.618533232010388,21.94642857142857,21.5,22.428571428571427,0.928571428571427,20.571428571428573,23.857142857142858,21.866912444735405,22.11237326955031,0.12273041240745464
CROSS_SHARD_PCT,Cross-shard demand,LOW,20%,mean_receipt_latency,100,37.36392857142857,0.9047860414871147,37.30357142857143,36.642857142857146,38.0,1.357142857142854,35.285714285714285,40.07142857142857,37.184399391320824,37.54345775153632,0.17952918010775046
CROSS_SHARD_PCT,Cross-shard demand,LOW,20%,finality_receipt_gap_pp,100,0.0,0.0,0.0,0.0,0.0,0.0,0.0,0.0,0.0,0.0,0.0
CROSS_SHARD_PCT,Cross-shard demand,LOW,20%,eligible_validators,100,10.0,0.0,10.0,10.0,10.0,0.0,10.0,10.0,10.0,10.0,0.0
CROSS_SHARD_PCT,Cross-shard demand,LOW,20%,active_committees,100,4.0,0.0,4.0,4.0,4.0,0.0,4.0,4.0,4.0,4.0,0.0
CROSS_SHARD_PCT,Cross-shard demand,LOW,20%,committee_recoveries,100,0.0,0.0,0.0,0.0,0.0,0.0,0.0,0.0,0.0,0.0,0.0
CROSS_SHARD_PCT,Cross-shard demand,LOW,20%,reconfiguration_events,100,0.46,0.5581354239923779,0.0,0.0,1.0,1.0,0.0,2.0,0.3492538230433452,0.5707461769566549,0.11074617695665487
CROSS_SHARD_PCT,Cross-shard demand,LOW,20%,shard_load_std,100,4.97,3.1284132874301784,3.0,2.0,8.0,6.0,2.0,11.0,4.349254932351284,5.590745067648715,0.6207450676487152
CROSS_SHARD_PCT,Cross-shard demand,LOW,20%,reward_gini,100,50.1011,5.894402565660121,49.695,46.2425,54.68,8.4375,35.82,64.17,48.93152265097427,51.27067734902573,1.1695773490257282
CROSS_SHARD_PCT,Cross-shard demand,LOW,20%,reward_hhi,100,19.2036,2.7255630573879555,18.369999999999997,17.310000000000002,21.7125,4.402499999999996,14.58,25.79,18.662789157891314,19.74441084210869,0.5408108421086885
CROSS_SHARD_PCT,Cross-shard demand,LOW,20%,nakamoto_coefficient,100,2.59,0.49431107042371025,3.0,2.0,3.0,1.0,2.0,3.0,2.4919179594708445,2.6880820405291552,0.09808204052915533
CROSS_SHARD_PCT,Cross-shard demand,LOW,20%,owner_concentration_pct,100,28.7865,6.166620536272995,26.09,23.62,34.61,10.989999999999998,19.78,40.93,27.56290869979262,30.01009130020738,1.2235913002073802
CROSS_SHARD_PCT,Cross-shard demand,LOW,20%,quarantine_events,100,0.0,0.0,0.0,0.0,0.0,0.0,0.0,0.0,0.0,0.0,0.0
CROSS_SHARD_PCT,Cross-shard demand,LOW,20%,slashing_events,100,0.0,0.0,0.0,0.0,0.0,0.0,0.0,0.0,0.0,0.0,0.0
CROSS_SHARD_PCT,Cross-shard demand,LOW,20%,reward_events,100,140.0,0.0,140.0,140.0,140.0,0.0,140.0,140.0,140.0,140.0,0.0
CROSS_SHARD_PCT,Cross-shard demand,LOW,20%,evidence_count,100,461.46,0.5581354239923779,461.0,461.0,462.0,1.0,461.0,463.0,461.34925382304334,461.5707461769566,0.11074617695665487
CROSS_SHARD_PCT,Cross-shard demand,LOW,20%,model_time,100,58.82,5.893636355845981,63.0,51.0,63.0,12.0,49.0,64.0,57.65057468362444,59.98942531637556,1.1694253163755595
CROSS_SHARD_PCT,Cross-shard demand,DEFAULT,60%,submitted_tx,100,28.0,0.0,28.0,28.0,28.0,0.0,28.0,28.0,28.0,28.0,0.0
CROSS_SHARD_PCT,Cross-shard demand,DEFAULT,60%,prepared_success_pct,100,100.0,0.0,100.0,100.0,100.0,0.0,100.0,100.0,100.0,100.0,0.0
CROSS_SHARD_PCT,Cross-shard demand,DEFAULT,60%,finality_success_pct,100,100.0,0.0,100.0,100.0,100.0,0.0,100.0,100.0,100.0,100.0,0.0
CROSS_SHARD_PCT,Cross-shard demand,DEFAULT,60%,receipt_success_pct,100,100.0,0.0,100.0,100.0,100.0,0.0,100.0,100.0,100.0,100.0,0.0
CROSS_SHARD_PCT,Cross-shard demand,DEFAULT,60%,terminal_failure_pct,100,0.0,0.0,0.0,0.0,0.0,0.0,0.0,0.0,0.0,0.0,0.0
CROSS_SHARD_PCT,Cross-shard demand,DEFAULT,60%,cross_shard_ratio_pct,100,63.50000000000001,2.464967908584717,64.28571428571429,60.714285714285715,64.28571428571429,3.5714285714285765,60.714285714285715,71.42857142857143,63.01089688906698,63.98910311093304,0.4891031109330314
CROSS_SHARD_PCT,Cross-shard demand,DEFAULT,60%,logical_throughput,100,0.48962826797385617,0.05405409827139973,0.4444444444444444,0.4375,0.5490196078431373,0.1115196078431373,0.4375,0.5490196078431373,0.4789027621645732,0.500353773783139,0.01072550580928294
CROSS_SHARD_PCT,Cross-shard demand,DEFAULT,60%,mean_finality_latency,100,26.531785714285714,0.30133588194860306,26.607142857142858,26.214285714285715,26.642857142857142,0.42857142857142705,26.142857142857142,27.5,26.471994137777347,26.59157729079408,0.059791576508366175
CROSS_SHARD_PCT,Cross-shard demand,DEFAULT,60%,mean_receipt_latency,100,43.984642857142845,0.448383310661465,44.107142857142854,43.5,44.142857142857146,0.6428571428571459,43.42857142857143,45.42857142857143,43.89567388056055,44.07361183372514,0.08896897658229176
CROSS_SHARD_PCT,Cross-shard demand,DEFAULT,60%,finality_receipt_gap_pp,100,0.0,0.0,0.0,0.0,0.0,0.0,0.0,0.0,0.0,0.0,0.0
CROSS_SHARD_PCT,Cross-shard demand,DEFAULT,60%,eligible_validators,100,10.0,0.0,10.0,10.0,10.0,0.0,10.0,10.0,10.0,10.0,0.0
CROSS_SHARD_PCT,Cross-shard demand,DEFAULT,60%,active_committees,100,4.0,0.0,4.0,4.0,4.0,0.0,4.0,4.0,4.0,4.0,0.0
CROSS_SHARD_PCT,Cross-shard demand,DEFAULT,60%,committee_recoveries,100,0.0,0.0,0.0,0.0,0.0,0.0,0.0,0.0,0.0,0.0,0.0
CROSS_SHARD_PCT,Cross-shard demand,DEFAULT,60%,reconfiguration_events,100,0.66,0.5167888418597165,1.0,0.0,1.0,1.0,0.0,2.0,0.5574578819591238,0.7625421180408762,0.10254211804087618
CROSS_SHARD_PCT,Cross-shard demand,DEFAULT,60%,shard_load_std,100,6.35,2.9995790950522956,7.5,3.0,9.0,6.0,2.0,12.0,5.7548184311972985,6.945181568802701,0.595181568802701
CROSS_SHARD_PCT,Cross-shard demand,DEFAULT,60%,reward_gini,100,50.26189999999999,5.984935920266563,49.64,46.0125,54.2975,8.284999999999997,35.82,64.17,49.07435886928485,51.44944113071513,1.187541130715137
CROSS_SHARD_PCT,Cross-shard demand,DEFAULT,60%,reward_hhi,100,19.357200000000002,2.872546148234589,18.405,17.252499999999998,21.65,4.397500000000001,14.58,25.79,18.787224523845868,19.927175476154137,0.569975476154134
CROSS_SHARD_PCT,Cross-shard demand,DEFAULT,60%,nakamoto_coefficient,100,2.56,0.4988876515698589,3.0,2.0,3.0,1.0,2.0,3.0,2.461009866481795,2.658990133518205,0.09899013351820522
CROSS_SHARD_PCT,Cross-shard demand,DEFAULT,60%,owner_concentration_pct,100,29.162300000000002,6.632878902509342,26.09,23.62,34.61,10.989999999999998,19.78,42.85,27.84619292438211,30.478407075617895,1.3161070756178948
CROSS_SHARD_PCT,Cross-shard demand,DEFAULT,60%,quarantine_events,100,0.0,0.0,0.0,0.0,0.0,0.0,0.0,0.0,0.0,0.0,0.0
CROSS_SHARD_PCT,Cross-shard demand,DEFAULT,60%,slashing_events,100,0.0,0.0,0.0,0.0,0.0,0.0,0.0,0.0,0.0,0.0,0.0
CROSS_SHARD_PCT,Cross-shard demand,DEFAULT,60%,reward_events,100,140.0,0.0,140.0,140.0,140.0,0.0,140.0,140.0,140.0,140.0,0.0
CROSS_SHARD_PCT,Cross-shard demand,DEFAULT,60%,evidence_count,100,461.66,0.5167888418597165,462.0,461.0,462.0,1.0,461.0,463.0,461.5574578819591,461.7625421180409,0.10254211804087618
CROSS_SHARD_PCT,Cross-shard demand,DEFAULT,60%,model_time,100,57.87,6.2565601934725645,63.0,51.0,64.0,13.0,51.0,64.0,56.62856272054909,59.111437279450904,1.2414372794509059
CROSS_SHARD_PCT,Cross-shard demand,HIGH,80%,submitted_tx,100,28.0,0.0,28.0,28.0,28.0,0.0,28.0,28.0,28.0,28.0,0.0
CROSS_SHARD_PCT,Cross-shard demand,HIGH,80%,prepared_success_pct,100,100.0,0.0,100.0,100.0,100.0,0.0,100.0,100.0,100.0,100.0,0.0
CROSS_SHARD_PCT,Cross-shard demand,HIGH,80%,finality_success_pct,100,100.0,0.0,100.0,100.0,100.0,0.0,100.0,100.0,100.0,100.0,0.0
CROSS_SHARD_PCT,Cross-shard demand,HIGH,80%,receipt_success_pct,100,100.0,0.0,100.0,100.0,100.0,0.0,100.0,100.0,100.0,100.0,0.0
CROSS_SHARD_PCT,Cross-shard demand,HIGH,80%,terminal_failure_pct,100,0.0,0.0,0.0,0.0,0.0,0.0,0.0,0.0,0.0,0.0,0.0
CROSS_SHARD_PCT,Cross-shard demand,HIGH,80%,cross_shard_ratio_pct,100,80.85714285714283,3.310060998478225,82.14285714285714,78.57142857142857,82.14285714285714,3.5714285714285694,71.42857142857143,89.28571428571429,80.20035494274627,81.51393077153939,0.6567879143965556
CROSS_SHARD_PCT,Cross-shard demand,HIGH,80%,logical_throughput,100,0.4737630090497737,0.05311226915135398,0.4375,0.4375,0.5490196078431373,0.1115196078431373,0.4307692307692308,0.5490196078431373,0.46322438257104,0.4843016355285074,0.01053862647873369
CROSS_SHARD_PCT,Cross-shard demand,HIGH,80%,mean_finality_latency,100,28.799285714285713,0.4184956764532456,28.928571428571427,28.535714285714285,28.964285714285715,0.4285714285714306,27.571428571428573,29.928571428571427,28.7162470927473,28.882324335824126,0.08303862153841546
CROSS_SHARD_PCT,Cross-shard demand,HIGH,80%,mean_receipt_latency,100,47.293571428571425,0.6166616523555514,47.5,46.892857142857146,47.535714285714285,0.6428571428571388,45.5,48.92857142857143,47.17121237817171,47.41593047897114,0.12235905039971753
CROSS_SHARD_PCT,Cross-shard demand,HIGH,80%,finality_receipt_gap_pp,100,0.0,0.0,0.0,0.0,0.0,0.0,0.0,0.0,0.0,0.0,0.0
CROSS_SHARD_PCT,Cross-shard demand,HIGH,80%,eligible_validators,100,10.0,0.0,10.0,10.0,10.0,0.0,10.0,10.0,10.0,10.0,0.0
CROSS_SHARD_PCT,Cross-shard demand,HIGH,80%,active_committees,100,4.0,0.0,4.0,4.0,4.0,0.0,4.0,4.0,4.0,4.0,0.0
CROSS_SHARD_PCT,Cross-shard demand,HIGH,80%,committee_recoveries,100,0.0,0.0,0.0,0.0,0.0,0.0,0.0,0.0,0.0,0.0,0.0
CROSS_SHARD_PCT,Cross-shard demand,HIGH,80%,reconfiguration_events,100,0.77,0.600588936550675,1.0,0.0,1.0,1.0,0.0,2.0,0.6508301251160892,0.8891698748839109,0.11916987488391087
CROSS_SHARD_PCT,Cross-shard demand,HIGH,80%,shard_load_std,100,6.65,2.8863139262401933,6.5,4.0,9.0,5.0,3.0,12.0,6.077292697995427,7.222707302004574,0.572707302004574
CROSS_SHARD_PCT,Cross-shard demand,HIGH,80%,reward_gini,100,49.99539999999999,5.814000069494394,48.84,45.8575,54.542500000000004,8.685000000000002,35.82,63.46,48.84177625055845,51.149023749441525,1.1536237494415387
CROSS_SHARD_PCT,Cross-shard demand,HIGH,80%,reward_hhi,100,19.2269,2.752000078914141,17.92,17.23,21.8525,4.622499999999999,14.58,25.01,18.680843479265143,19.77295652073486,0.5460565207348597
CROSS_SHARD_PCT,Cross-shard demand,HIGH,80%,nakamoto_coefficient,100,2.58,0.49604496374885826,3.0,2.0,3.0,1.0,2.0,3.0,2.4815739174180447,2.6784260825819555,0.09842608258195544
CROSS_SHARD_PCT,Cross-shard demand,HIGH,80%,owner_concentration_pct,100,28.682199999999998,6.5598324042400025,26.23,23.07,34.61,11.54,19.78,42.85,27.38058693439411,29.983813065605887,1.3016130656058897
CROSS_SHARD_PCT,Cross-shard demand,HIGH,80%,quarantine_events,100,0.0,0.0,0.0,0.0,0.0,0.0,0.0,0.0,0.0,0.0,0.0
CROSS_SHARD_PCT,Cross-shard demand,HIGH,80%,slashing_events,100,0.0,0.0,0.0,0.0,0.0,0.0,0.0,0.0,0.0,0.0,0.0
CROSS_SHARD_PCT,Cross-shard demand,HIGH,80%,reward_events,100,140.0,0.0,140.0,140.0,140.0,0.0,140.0,140.0,140.0,140.0,0.0
CROSS_SHARD_PCT,Cross-shard demand,HIGH,80%,evidence_count,100,461.77,0.6005889365506749,462.0,461.0,462.0,1.0,461.0,463.0,461.65083012511604,461.8891698748839,0.11916987488391084
CROSS_SHARD_PCT,Cross-shard demand,HIGH,80%,model_time,100,59.79,6.205723978796519,64.0,51.0,64.0,13.0,51.0,65.0,58.558649728440564,61.021350271559434,1.2313502715594362
REQUEST_OFFLINE_PCT,Request disconnection,LOW,10%,submitted_tx,100,24.0,0.0,24.0,24.0,24.0,0.0,24.0,24.0,24.0,24.0,0.0
REQUEST_OFFLINE_PCT,Request disconnection,LOW,10%,prepared_success_pct,100,81.75,3.3385901310060078,83.33333333333333,79.16666666666667,83.33333333333333,4.166666666666657,75.0,91.66666666666667,81.08755128676587,82.41244871323413,0.6624487132341239
REQUEST_OFFLINE_PCT,Request disconnection,LOW,10%,finality_success_pct,100,81.75,3.3385901310060078,83.33333333333333,79.16666666666667,83.33333333333333,4.166666666666657,75.0,91.66666666666667,81.08755128676587,82.41244871323413,0.6624487132341239
REQUEST_OFFLINE_PCT,Request disconnection,LOW,10%,receipt_success_pct,100,54.49999999999999,3.436941975929109,54.166666666666664,50.0,58.333333333333336,8.333333333333336,45.833333333333336,62.5,53.81803614697425,55.181963853025735,0.6819638530257455
REQUEST_OFFLINE_PCT,Request disconnection,LOW,10%,terminal_failure_pct,100,45.5,3.4369419759291087,45.833333333333336,41.666666666666664,50.0,8.333333333333336,37.5,54.166666666666664,44.81803614697426,46.18196385302574,0.6819638530257455
REQUEST_OFFLINE_PCT,Request disconnection,LOW,10%,cross_shard_ratio_pct,100,10.375000000000002,5.539591963726131,8.333333333333334,8.333333333333334,12.5,4.166666666666666,0.0,29.166666666666668,9.275824772070274,11.474175227929729,1.0991752279297278
REQUEST_OFFLINE_PCT,Request disconnection,LOW,10%,logical_throughput,100,0.21148130507864982,0.021858473088336616,0.20634920634920634,0.19592808038075094,0.2222222222222222,0.026294141841471275,0.1746031746031746,0.3111111111111111,0.2071441097948825,0.21581850036241712,0.004337195283767302
REQUEST_OFFLINE_PCT,Request disconnection,LOW,10%,mean_finality_latency,100,26.68308160552898,0.863505024451077,26.38888888888889,26.31578947368421,27.12280701754386,0.8070175438596507,25.0,29.55,26.511743474799392,26.854419736258567,0.1713381307295871
REQUEST_OFFLINE_PCT,Request disconnection,LOW,10%,mean_receipt_latency,100,46.37375940725939,1.4943019566377607,46.5,45.42857142857143,47.23557692307693,1.8070054945054963,43.916666666666664,49.76923076923077,46.07725747994445,46.670261334574334,0.29650192731493963
REQUEST_OFFLINE_PCT,Request disconnection,LOW,10%,finality_receipt_gap_pp,100,27.25,3.670834790393241,29.166666666666664,24.999999999999993,29.16666666666667,4.1666666666666785,16.666666666666664,33.333333333333336,26.521626738242855,27.978373261757145,0.7283732617571441
REQUEST_OFFLINE_PCT,Request disconnection,LOW,10%,eligible_validators,100,10.0,0.0,10.0,10.0,10.0,0.0,10.0,10.0,10.0,10.0,0.0
REQUEST_OFFLINE_PCT,Request disconnection,LOW,10%,active_committees,100,4.0,0.0,4.0,4.0,4.0,0.0,4.0,4.0,4.0,4.0,0.0
REQUEST_OFFLINE_PCT,Request disconnection,LOW,10%,committee_recoveries,100,0.0,0.0,0.0,0.0,0.0,0.0,0.0,0.0,0.0,0.0,0.0
REQUEST_OFFLINE_PCT,Request disconnection,LOW,10%,reconfiguration_events,100,0.0,0.0,0.0,0.0,0.0,0.0,0.0,0.0,0.0,0.0,0.0
REQUEST_OFFLINE_PCT,Request disconnection,LOW,10%,shard_load_std,100,2.84,0.6922368952836297,3.0,2.0,3.0,1.0,1.0,4.0,2.7026451817864667,2.977354818213533,0.137354818213533
REQUEST_OFFLINE_PCT,Request disconnection,LOW,10%,reward_gini,100,49.834799999999994,5.860903243381759,49.69499999999999,46.0525,53.1025,7.049999999999997,35.75,63.73,48.6718696432874,50.99773035671259,1.16293035671259
REQUEST_OFFLINE_PCT,Request disconnection,LOW,10%,reward_hhi,100,19.124,2.790444734837409,18.354999999999997,17.1525,21.107499999999998,3.9549999999999983,14.49,25.42,18.570315225467052,19.677684774532946,0.5536847745329453
REQUEST_OFFLINE_PCT,Request disconnection,LOW,10%,nakamoto_coefficient,100,2.58,0.49604496374885826,3.0,2.0,3.0,1.0,2.0,3.0,2.4815739174180447,2.6784260825819555,0.09842608258195544
REQUEST_OFFLINE_PCT,Request disconnection,LOW,10%,owner_concentration_pct,100,29.186499999999995,6.173487525890307,27.005000000000003,24.105,35.1475,11.0425,20.73,41.24,27.961546140072112,30.411453859927878,1.224953859927884
REQUEST_OFFLINE_PCT,Request disconnection,LOW,10%,quarantine_events,100,0.0,0.0,0.0,0.0,0.0,0.0,0.0,0.0,0.0,0.0,0.0
REQUEST_OFFLINE_PCT,Request disconnection,LOW,10%,slashing_events,100,0.0,0.0,0.0,0.0,0.0,0.0,0.0,0.0,0.0,0.0,0.0
REQUEST_OFFLINE_PCT,Request disconnection,LOW,10%,reward_events,100,91.56,3.6246072584181834,92.0,89.0,93.25,4.25,83.0,103.0,90.84079928350035,92.27920071649966,0.719200716499653
REQUEST_OFFLINE_PCT,Request disconnection,LOW,10%,evidence_count,100,324.76,11.58292020191974,329.0,316.0,330.25,14.25,300.0,360.0,322.4616973386478,327.0583026613522,2.2983026613521913
REQUEST_OFFLINE_PCT,Request disconnection,LOW,10%,model_time,100,62.13,3.445550490388754,63.0,62.0,63.0,1.0,45.0,64.0,61.446328030942375,62.81367196905763,0.6836719690576258
REQUEST_OFFLINE_PCT,Request disconnection,DEFAULT,20%,submitted_tx,100,24.0,0.0,24.0,24.0,24.0,0.0,24.0,24.0,24.0,24.0,0.0
REQUEST_OFFLINE_PCT,Request disconnection,DEFAULT,20%,prepared_success_pct,100,72.54166666666667,2.8460671468299696,70.83333333333333,70.83333333333333,75.0,4.166666666666671,66.66666666666667,79.16666666666667,71.97694519885735,73.10638813447599,0.5647214678093215
REQUEST_OFFLINE_PCT,Request disconnection,DEFAULT,20%,finality_success_pct,100,72.54166666666667,2.8460671468299696,70.83333333333333,70.83333333333333,75.0,4.166666666666671,66.66666666666667,79.16666666666667,71.97694519885735,73.10638813447599,0.5647214678093215
REQUEST_OFFLINE_PCT,Request disconnection,DEFAULT,20%,receipt_success_pct,100,48.375,2.9548961632480415,50.0,45.833333333333336,50.0,4.166666666666664,41.666666666666664,54.166666666666664,47.788684494270555,48.961315505729445,0.5863155057294429
REQUEST_OFFLINE_PCT,Request disconnection,DEFAULT,20%,terminal_failure_pct,100,51.62499999999999,2.954896163248042,50.0,50.0,54.166666666666664,4.166666666666664,45.833333333333336,58.333333333333336,51.03868449427055,52.21131550572944,0.586315505729443
REQUEST_OFFLINE_PCT,Request disconnection,DEFAULT,20%,cross_shard_ratio_pct,100,7.875,4.012073179903111,8.333333333333334,4.166666666666667,8.333333333333334,4.166666666666667,0.0,25.0,7.0789176385431025,8.671082361456897,0.7960823614568975
REQUEST_OFFLINE_PCT,Request disconnection,DEFAULT,20%,logical_throughput,100,0.18761497758807383,0.015261103302329309,0.19047619047619047,0.1774193548387097,0.1935483870967742,0.016129032258064502,0.15873015873015872,0.26666666666666666,0.1845868436008345,0.19064311157531316,0.003028133987239327
REQUEST_OFFLINE_PCT,Request disconnection,DEFAULT,20%,mean_finality_latency,100,26.284408539731686,0.7150346438227327,26.352941176470587,25.647058823529413,26.41176470588235,0.7647058823529385,24.8125,29.41176470588235,26.142530153607225,26.426286925856147,0.14187838612446224
REQUEST_OFFLINE_PCT,Request disconnection,DEFAULT,20%,mean_receipt_latency,100,45.82272144522145,1.4427375582974975,45.56439393939394,45.31818181818182,47.083333333333336,1.7651515151515156,43.7,51.75,45.536451013235016,46.10899187720788,0.2862704319864292
REQUEST_OFFLINE_PCT,Request disconnection,DEFAULT,20%,finality_receipt_gap_pp,100,24.166666666666664,3.189224984928054,24.999999999999993,20.83333333333333,25.0,4.166666666666671,16.666666666666664,29.16666666666667,23.533855238914946,24.799478094418383,0.6328114277517182
REQUEST_OFFLINE_PCT,Request disconnection,DEFAULT,20%,eligible_validators,100,10.0,0.0,10.0,10.0,10.0,0.0,10.0,10.0,10.0,10.0,0.0
REQUEST_OFFLINE_PCT,Request disconnection,DEFAULT,20%,active_committees,100,4.0,0.0,4.0,4.0,4.0,0.0,4.0,4.0,4.0,4.0,0.0
REQUEST_OFFLINE_PCT,Request disconnection,DEFAULT,20%,committee_recoveries,100,0.0,0.0,0.0,0.0,0.0,0.0,0.0,0.0,0.0,0.0,0.0
REQUEST_OFFLINE_PCT,Request disconnection,DEFAULT,20%,reconfiguration_events,100,0.0,0.0,0.0,0.0,0.0,0.0,0.0,0.0,0.0,0.0,0.0
REQUEST_OFFLINE_PCT,Request disconnection,DEFAULT,20%,shard_load_std,100,2.99,0.6112580172368814,3.0,3.0,3.0,0.0,2.0,4.0,2.868713148040548,3.1112868519594525,0.12128685195945228
REQUEST_OFFLINE_PCT,Request disconnection,DEFAULT,20%,reward_gini,100,50.083200000000005,5.988211294289014,49.775000000000006,46.0225,54.185,8.162500000000001,35.94,64.54,48.895008964019055,51.271391035980955,1.1881910359809502
REQUEST_OFFLINE_PCT,Request disconnection,DEFAULT,20%,reward_hhi,100,19.305899999999998,2.973784819302693,18.299999999999997,17.17,21.564999999999998,4.394999999999996,14.68,26.54,18.71583657511692,19.895963424883075,0.5900634248830754
REQUEST_OFFLINE_PCT,Request disconnection,DEFAULT,20%,nakamoto_coefficient,100,2.57,0.49756985195624304,3.0,2.0,3.0,1.0,2.0,3.0,2.4712713465150076,2.668728653484992,0.09872865348499216
REQUEST_OFFLINE_PCT,Request disconnection,DEFAULT,20%,owner_concentration_pct,100,29.621199999999995,6.651690645576088,27.14,23.66,35.54,11.879999999999999,19.9,43.6,28.301360266433907,30.941039733566083,1.3198397335660874
REQUEST_OFFLINE_PCT,Request disconnection,DEFAULT,20%,quarantine_events,100,0.0,0.0,0.0,0.0,0.0,0.0,0.0,0.0,0.0,0.0,0.0
REQUEST_OFFLINE_PCT,Request disconnection,DEFAULT,20%,slashing_events,100,0.0,0.0,0.0,0.0,0.0,0.0,0.0,0.0,0.0,0.0,0.0
REQUEST_OFFLINE_PCT,Request disconnection,DEFAULT,20%,reward_events,100,81.25,3.082616624318576,80.0,79.0,84.0,5.0,75.0,89.0,80.6383419838785,81.8616580161215,0.6116580161215018
REQUEST_OFFLINE_PCT,Request disconnection,DEFAULT,20%,evidence_count,100,292.35,9.865125801058346,287.0,286.0,301.0,15.0,272.0,316.0,290.3925450156008,294.30745498439927,1.9574549843992504
REQUEST_OFFLINE_PCT,Request disconnection,DEFAULT,20%,model_time,100,62.02,2.5740743163045208,63.0,62.0,63.0,1.0,45.0,64.0,61.50924781069454,62.53075218930547,0.5107521893054648
REQUEST_OFFLINE_PCT,Request disconnection,HIGH,30%,submitted_tx,100,24.0,0.0,24.0,24.0,24.0,0.0,24.0,24.0,24.0,24.0,0.0
REQUEST_OFFLINE_PCT,Request disconnection,HIGH,30%,prepared_success_pct,100,63.29166666666667,4.836517875779897,62.5,58.333333333333336,66.66666666666667,8.333333333333336,50.0,75.0,62.33199659108935,64.25133674224399,0.9596700755773202
REQUEST_OFFLINE_PCT,Request disconnection,HIGH,30%,finality_success_pct,100,63.29166666666667,4.836517875779897,62.5,58.333333333333336,66.66666666666667,8.333333333333336,50.0,75.0,62.33199659108935,64.25133674224399,0.9596700755773202
REQUEST_OFFLINE_PCT,Request disconnection,HIGH,30%,receipt_success_pct,100,42.33333333333333,4.652636436870226,41.666666666666664,40.625,45.833333333333336,5.208333333333336,29.166666666666668,50.0,41.41014932457268,43.25651734209398,0.9231840087606532
REQUEST_OFFLINE_PCT,Request disconnection,HIGH,30%,terminal_failure_pct,100,57.66666666666668,4.652636436870227,58.333333333333336,54.166666666666664,59.375,5.208333333333336,50.0,70.83333333333333,56.74348265790603,58.58985067542733,0.9231840087606533
REQUEST_OFFLINE_PCT,Request disconnection,HIGH,30%,cross_shard_ratio_pct,100,7.708333333333335,4.485878516032959,8.333333333333334,4.166666666666667,8.333333333333334,4.166666666666667,0.0,29.166666666666668,6.818237713906343,8.598428952760326,0.890095619426992
REQUEST_OFFLINE_PCT,Request disconnection,HIGH,30%,logical_throughput,100,0.16607035178120252,0.02256713931604828,0.16129032258064516,0.15873015873015872,0.1774193548387097,0.018689196108550965,0.1111111111111111,0.26666666666666666,0.16159254174323098,0.17054816181917407,0.004477810037971531
REQUEST_OFFLINE_PCT,Request disconnection,HIGH,30%,mean_finality_latency,100,26.305872908137612,0.8809256060775891,26.3875,25.6,26.517857142857142,0.9178571428571409,24.642857142857142,29.88888888888889,26.131078156071045,26.48066766020418,0.17479475206656908
REQUEST_OFFLINE_PCT,Request disconnection,HIGH,30%,mean_receipt_latency,100,45.85342965367966,1.6139055827057212,45.63636363636363,45.1780303030303,46.910984848484844,1.7329545454545467,43.5,51.1,45.5331957721332,46.173663535226126,0.32023388154646465
REQUEST_OFFLINE_PCT,Request disconnection,HIGH,30%,finality_receipt_gap_pp,100,20.95833333333334,3.624441208527746,20.833333333333336,16.66666666666667,24.999999999999996,8.333333333333325,12.5,29.16666666666667,20.239165564734428,21.67750110193225,0.7191677685989115
REQUEST_OFFLINE_PCT,Request disconnection,HIGH,30%,eligible_validators,100,10.0,0.0,10.0,10.0,10.0,0.0,10.0,10.0,10.0,10.0,0.0
REQUEST_OFFLINE_PCT,Request disconnection,HIGH,30%,active_committees,100,4.0,0.0,4.0,4.0,4.0,0.0,4.0,4.0,4.0,4.0,0.0
REQUEST_OFFLINE_PCT,Request disconnection,HIGH,30%,committee_recoveries,100,0.0,0.0,0.0,0.0,0.0,0.0,0.0,0.0,0.0,0.0,0.0
REQUEST_OFFLINE_PCT,Request disconnection,HIGH,30%,reconfiguration_events,100,0.0,0.0,0.0,0.0,0.0,0.0,0.0,0.0,0.0,0.0,0.0
REQUEST_OFFLINE_PCT,Request disconnection,HIGH,30%,shard_load_std,100,2.92,0.6305360874492099,3.0,3.0,3.0,0.0,2.0,5.0,2.79488796066963,3.0451120393303697,0.1251120393303698
REQUEST_OFFLINE_PCT,Request disconnection,HIGH,30%,reward_gini,100,50.072399999999995,5.955245734440835,49.905,45.625,53.95,8.325000000000003,34.97,64.37,48.89075004628597,51.254049953714016,1.1816499537140208
REQUEST_OFFLINE_PCT,Request disconnection,HIGH,30%,reward_hhi,100,19.2212,2.8199986675260122,18.57,17.119999999999997,21.08,3.960000000000001,14.31,26.12,18.661651084044376,19.780748915955623,0.5595489159556223
REQUEST_OFFLINE_PCT,Request disconnection,HIGH,30%,nakamoto_coefficient,100,2.53,0.5016135580465919,3.0,2.0,3.0,1.0,2.0,3.0,2.430468987497837,2.6295310125021625,0.09953101250216251
REQUEST_OFFLINE_PCT,Request disconnection,HIGH,30%,owner_concentration_pct,100,29.4172,5.816625784348819,28.22,24.674999999999997,34.1125,9.4375,21.39,42.65,28.263055251766044,30.571344748233958,1.1541447482339566
REQUEST_OFFLINE_PCT,Request disconnection,HIGH,30%,quarantine_events,100,0.0,0.0,0.0,0.0,0.0,0.0,0.0,0.0,0.0,0.0,0.0
REQUEST_OFFLINE_PCT,Request disconnection,HIGH,30%,slashing_events,100,0.0,0.0,0.0,0.0,0.0,0.0,0.0,0.0,0.0,0.0,0.0
REQUEST_OFFLINE_PCT,Request disconnection,HIGH,30%,reward_events,100,70.92,5.491370640846556,70.0,66.0,75.0,9.0,56.0,84.0,69.83039292869883,72.00960707130118,1.0896070713011705
REQUEST_OFFLINE_PCT,Request disconnection,HIGH,30%,evidence_count,100,259.82,17.06042736329257,257.0,243.0,272.0,29.0,213.0,301.0,256.4348410824446,263.20515891755537,3.3851589175553882
REQUEST_OFFLINE_PCT,Request disconnection,HIGH,30%,model_time,100,61.48,3.8677114575924505,62.0,62.0,63.0,1.0,45.0,64.0,60.7125621362,62.247437863799995,0.7674378637999951
RECEIPT_DROP_PCT,Receipt delivery drop,LOW,10%,submitted_tx,100,24.0,0.0,24.0,24.0,24.0,0.0,24.0,24.0,24.0,24.0,0.0
RECEIPT_DROP_PCT,Receipt delivery drop,LOW,10%,prepared_success_pct,100,72.54166666666667,2.8460671468299696,70.83333333333333,70.83333333333333,75.0,4.166666666666671,66.66666666666667,79.16666666666667,71.97694519885735,73.10638813447599,0.5647214678093215
RECEIPT_DROP_PCT,Receipt delivery drop,LOW,10%,finality_success_pct,100,72.54166666666667,2.8460671468299696,70.83333333333333,70.83333333333333,75.0,4.166666666666671,66.66666666666667,79.16666666666667,71.97694519885735,73.10638813447599,0.5647214678093215
RECEIPT_DROP_PCT,Receipt delivery drop,LOW,10%,receipt_success_pct,100,63.87500000000001,5.461803649174184,62.5,62.5,66.66666666666667,4.166666666666671,50.0,79.16666666666667,62.79125966130721,64.9587403386928,1.083740338692797
RECEIPT_DROP_PCT,Receipt delivery drop,LOW,10%,terminal_failure_pct,100,36.125,5.4618036491741835,37.5,33.333333333333336,37.5,4.166666666666664,20.833333333333332,50.0,35.0412596613072,37.2087403386928,1.0837403386927968
RECEIPT_DROP_PCT,Receipt delivery drop,LOW,10%,cross_shard_ratio_pct,100,7.458333333333332,4.1580297690186026,8.333333333333334,4.166666666666667,8.333333333333334,4.166666666666667,0.0,20.833333333333332,6.6332900180445655,8.283376648622099,0.8250433152887666
RECEIPT_DROP_PCT,Receipt delivery drop,LOW,10%,logical_throughput,100,0.25231898121308693,0.035036660514548845,0.2459016393442623,0.234375,0.26229508196721313,0.02792008196721313,0.1935483870967742,0.3695652173913043,0.2453669476410923,0.2592710147850816,0.006952033571994631
RECEIPT_DROP_PCT,Receipt delivery drop,LOW,10%,mean_finality_latency,100,26.219736412108706,0.7258743855252024,26.352941176470587,25.647058823529413,26.444444444444443,0.7973856209150298,24.88235294117647,28.5,26.07570718606056,26.363765638156853,0.1440292260481481
RECEIPT_DROP_PCT,Receipt delivery drop,LOW,10%,mean_receipt_latency,100,45.83690779503434,1.1777028410381,45.4,45.06666666666667,46.475,1.4083333333333314,43.857142857142854,48.8,45.60322600092241,46.07058958914627,0.2336817941119282
RECEIPT_DROP_PCT,Receipt delivery drop,LOW,10%,finality_receipt_gap_pp,100,8.666666666666664,4.907963249125845,8.333333333333329,4.166666666666671,12.499999999999993,8.333333333333321,0.0,20.833333333333336,7.692820278998799,9.64051305433453,0.9738463876678652
RECEIPT_DROP_PCT,Receipt delivery drop,LOW,10%,eligible_validators,100,10.0,0.0,10.0,10.0,10.0,0.0,10.0,10.0,10.0,10.0,0.0
RECEIPT_DROP_PCT,Receipt delivery drop,LOW,10%,active_committees,100,4.0,0.0,4.0,4.0,4.0,0.0,4.0,4.0,4.0,4.0,0.0
RECEIPT_DROP_PCT,Receipt delivery drop,LOW,10%,committee_recoveries,100,0.0,0.0,0.0,0.0,0.0,0.0,0.0,0.0,0.0,0.0,0.0
RECEIPT_DROP_PCT,Receipt delivery drop,LOW,10%,reconfiguration_events,100,0.0,0.0,0.0,0.0,0.0,0.0,0.0,0.0,0.0,0.0,0.0
RECEIPT_DROP_PCT,Receipt delivery drop,LOW,10%,shard_load_std,100,3.04,0.6182412330330469,3.0,3.0,3.0,0.0,2.0,4.0,2.917327526524614,3.162672473475386,0.12267247347538601
RECEIPT_DROP_PCT,Receipt delivery drop,LOW,10%,reward_gini,100,50.3372,6.042100123217912,50.30500000000001,46.5725,53.8775,7.305,35.61,66.01,49.138316251232865,51.53608374876714,1.1988837487671362
RECEIPT_DROP_PCT,Receipt delivery drop,LOW,10%,reward_hhi,100,19.4143,3.0594487702489443,18.4,17.2425,21.1175,3.875,14.46,28.0,18.807238988756183,20.02136101124382,0.6070610112438174
RECEIPT_DROP_PCT,Receipt delivery drop,LOW,10%,nakamoto_coefficient,100,2.59,0.49431107042371025,3.0,2.0,3.0,1.0,2.0,3.0,2.4919179594708445,2.6880820405291552,0.09808204052915533
RECEIPT_DROP_PCT,Receipt delivery drop,LOW,10%,owner_concentration_pct,100,29.291100000000007,6.627261099946847,27.415,23.72,32.8775,9.157499999999999,20.0,46.52,27.976107618289628,30.606092381710386,1.3149923817103781
RECEIPT_DROP_PCT,Receipt delivery drop,LOW,10%,quarantine_events,100,0.0,0.0,0.0,0.0,0.0,0.0,0.0,0.0,0.0,0.0,0.0
RECEIPT_DROP_PCT,Receipt delivery drop,LOW,10%,slashing_events,100,0.0,0.0,0.0,0.0,0.0,0.0,0.0,0.0,0.0,0.0,0.0
RECEIPT_DROP_PCT,Receipt delivery drop,LOW,10%,reward_events,100,84.97,3.517503131886066,84.0,83.0,88.0,5.0,76.0,95.0,84.27205106584533,85.66794893415467,0.6979489341546646
RECEIPT_DROP_PCT,Receipt delivery drop,LOW,10%,evidence_count,100,296.07,10.214126680161346,291.0,290.0,305.0,15.0,273.0,322.0,294.04329566955727,298.0967043304427,2.026704330442724
RECEIPT_DROP_PCT,Receipt delivery drop,LOW,10%,model_time,100,61.25,4.482006675405988,63.0,62.0,63.0,1.0,45.0,64.0,60.360672637753595,62.139327362246405,0.8893273622464044
RECEIPT_DROP_PCT,Receipt delivery drop,DEFAULT,29%,submitted_tx,100,24.0,0.0,24.0,24.0,24.0,0.0,24.0,24.0,24.0,24.0,0.0
RECEIPT_DROP_PCT,Receipt delivery drop,DEFAULT,29%,prepared_success_pct,100,72.54166666666667,2.8460671468299696,70.83333333333333,70.83333333333333,75.0,4.166666666666671,66.66666666666667,79.16666666666667,71.97694519885735,73.10638813447599,0.5647214678093215
RECEIPT_DROP_PCT,Receipt delivery drop,DEFAULT,29%,finality_success_pct,100,72.54166666666667,2.8460671468299696,70.83333333333333,70.83333333333333,75.0,4.166666666666671,66.66666666666667,79.16666666666667,71.97694519885735,73.10638813447599,0.5647214678093215
RECEIPT_DROP_PCT,Receipt delivery drop,DEFAULT,29%,receipt_success_pct,100,48.375,2.9548961632480415,50.0,45.833333333333336,50.0,4.166666666666664,41.666666666666664,54.166666666666664,47.788684494270555,48.961315505729445,0.5863155057294429
RECEIPT_DROP_PCT,Receipt delivery drop,DEFAULT,29%,terminal_failure_pct,100,51.62499999999999,2.954896163248042,50.0,50.0,54.166666666666664,4.166666666666664,45.833333333333336,58.333333333333336,51.03868449427055,52.21131550572944,0.586315505729443
RECEIPT_DROP_PCT,Receipt delivery drop,DEFAULT,29%,cross_shard_ratio_pct,100,6.958333333333334,4.105399731874306,4.166666666666667,4.166666666666667,8.333333333333334,4.166666666666667,0.0,20.833333333333332,6.143732959231,7.7729337074356675,0.8146003741023332
RECEIPT_DROP_PCT,Receipt delivery drop,DEFAULT,29%,logical_throughput,100,0.1913079508963128,0.022723131809343957,0.19047619047619047,0.1774193548387097,0.1935483870967742,0.016129032258064502,0.15873015873015872,0.26666666666666666,0.18679918856338953,0.19581671322923608,0.004508762332923282
RECEIPT_DROP_PCT,Receipt delivery drop,DEFAULT,29%,mean_finality_latency,100,26.126631621947027,0.7161600694486373,25.72222222222222,25.625,26.419934640522875,0.7949346405228752,24.8125,28.5,25.984529926962097,26.268733316931957,0.14210169498492922
RECEIPT_DROP_PCT,Receipt delivery drop,DEFAULT,29%,mean_receipt_latency,100,45.7776958041958,1.3003439940152923,45.54545454545455,45.29895104895105,46.833333333333336,1.5343822843822892,43.72727272727273,49.76923076923077,45.51967934461393,46.035712263777675,0.25801645958187297
RECEIPT_DROP_PCT,Receipt delivery drop,DEFAULT,29%,finality_receipt_gap_pp,100,24.166666666666664,3.189224984928054,24.999999999999993,20.83333333333333,25.0,4.166666666666671,16.666666666666664,29.16666666666667,23.533855238914946,24.799478094418383,0.6328114277517182
RECEIPT_DROP_PCT,Receipt delivery drop,DEFAULT,29%,eligible_validators,100,10.0,0.0,10.0,10.0,10.0,0.0,10.0,10.0,10.0,10.0,0.0
RECEIPT_DROP_PCT,Receipt delivery drop,DEFAULT,29%,active_committees,100,4.0,0.0,4.0,4.0,4.0,0.0,4.0,4.0,4.0,4.0,0.0
RECEIPT_DROP_PCT,Receipt delivery drop,DEFAULT,29%,committee_recoveries,100,0.0,0.0,0.0,0.0,0.0,0.0,0.0,0.0,0.0,0.0,0.0
RECEIPT_DROP_PCT,Receipt delivery drop,DEFAULT,29%,reconfiguration_events,100,0.0,0.0,0.0,0.0,0.0,0.0,0.0,0.0,0.0,0.0,0.0
RECEIPT_DROP_PCT,Receipt delivery drop,DEFAULT,29%,shard_load_std,100,3.0,0.6513389472789296,3.0,3.0,3.0,0.0,2.0,4.0,2.8707602219580695,3.1292397780419305,0.12923977804193038
RECEIPT_DROP_PCT,Receipt delivery drop,DEFAULT,29%,reward_gini,100,49.899400000000014,6.182154313796766,49.57,46.1025,53.835,7.732500000000002,34.77,66.01,48.67272646132415,51.126073538675875,1.226673538675864
RECEIPT_DROP_PCT,Receipt delivery drop,DEFAULT,29%,reward_hhi,100,19.223600000000005,3.0441749375660145,18.43,17.0425,21.127499999999998,4.084999999999997,14.24,27.3,18.619569648528703,19.827630351471306,0.604030351471301
RECEIPT_DROP_PCT,Receipt delivery drop,DEFAULT,29%,nakamoto_coefficient,100,2.56,0.49888765156985887,3.0,2.0,3.0,1.0,2.0,3.0,2.461009866481795,2.658990133518205,0.09899013351820521
RECEIPT_DROP_PCT,Receipt delivery drop,DEFAULT,29%,owner_concentration_pct,100,29.203799999999998,6.71702296671327,27.369999999999997,23.5825,33.9275,10.345000000000002,19.9,44.59,27.870996916525222,30.536603083474773,1.332803083474776
RECEIPT_DROP_PCT,Receipt delivery drop,DEFAULT,29%,quarantine_events,100,0.0,0.0,0.0,0.0,0.0,0.0,0.0,0.0,0.0,0.0,0.0
RECEIPT_DROP_PCT,Receipt delivery drop,DEFAULT,29%,slashing_events,100,0.0,0.0,0.0,0.0,0.0,0.0,0.0,0.0,0.0,0.0,0.0
RECEIPT_DROP_PCT,Receipt delivery drop,DEFAULT,29%,reward_events,100,81.25,3.082616624318576,80.0,79.0,84.0,5.0,75.0,89.0,80.6383419838785,81.8616580161215,0.6116580161215018
RECEIPT_DROP_PCT,Receipt delivery drop,DEFAULT,29%,evidence_count,100,292.35,9.865125801058346,287.0,286.0,301.0,15.0,272.0,316.0,290.3925450156008,294.30745498439927,1.9574549843992504
RECEIPT_DROP_PCT,Receipt delivery drop,DEFAULT,29%,model_time,100,61.14,4.478951897599494,62.0,61.75,63.0,1.25,45.0,64.0,60.25127877194429,62.02872122805571,0.8887212280557067
RECEIPT_DROP_PCT,Receipt delivery drop,HIGH,40%,submitted_tx,100,24.0,0.0,24.0,24.0,24.0,0.0,24.0,24.0,24.0,24.0,0.0
RECEIPT_DROP_PCT,Receipt delivery drop,HIGH,40%,prepared_success_pct,100,72.54166666666667,2.8460671468299696,70.83333333333333,70.83333333333333,75.0,4.166666666666671,66.66666666666667,79.16666666666667,71.97694519885735,73.10638813447599,0.5647214678093215
RECEIPT_DROP_PCT,Receipt delivery drop,HIGH,40%,finality_success_pct,100,72.54166666666667,2.8460671468299696,70.83333333333333,70.83333333333333,75.0,4.166666666666671,66.66666666666667,79.16666666666667,71.97694519885735,73.10638813447599,0.5647214678093215
RECEIPT_DROP_PCT,Receipt delivery drop,HIGH,40%,receipt_success_pct,100,39.833333333333336,4.324453476170663,41.666666666666664,37.5,41.666666666666664,4.166666666666664,29.166666666666668,54.166666666666664,38.97526794395687,40.6913987227098,0.8580653893764639
RECEIPT_DROP_PCT,Receipt delivery drop,HIGH,40%,terminal_failure_pct,100,60.16666666666667,4.324453476170664,58.333333333333336,58.333333333333336,62.5,4.166666666666664,45.833333333333336,70.83333333333333,59.30860127729021,61.024732056043135,0.858065389376464
RECEIPT_DROP_PCT,Receipt delivery drop,HIGH,40%,cross_shard_ratio_pct,100,7.291666666666668,4.119046055100672,8.333333333333334,4.166666666666667,8.333333333333334,4.166666666666667,0.0,16.666666666666668,6.474358565977076,8.108974767356258,0.8173081006895913
RECEIPT_DROP_PCT,Receipt delivery drop,HIGH,40%,logical_throughput,100,0.1599123791791527,0.027471464567294313,0.15873015873015872,0.14285714285714285,0.16393442622950818,0.021077283372365335,0.1111111111111111,0.26666666666666666,0.1544614446112196,0.16536331374708582,0.0054509345679331
RECEIPT_DROP_PCT,Receipt delivery drop,HIGH,40%,mean_finality_latency,100,26.1871600877193,0.7266796601527951,26.352941176470587,25.647058823529413,26.41176470588235,0.7647058823529385,24.8125,27.88235294117647,26.042971077714476,26.33134909772412,0.1441890100048233
RECEIPT_DROP_PCT,Receipt delivery drop,HIGH,40%,mean_receipt_latency,100,45.85973165723165,1.573218508570641,45.894444444444446,44.197916666666664,46.25,2.0520833333333357,43.55555555555556,51.4,45.54757097390611,46.171892340557186,0.3121606833255367
RECEIPT_DROP_PCT,Receipt delivery drop,HIGH,40%,finality_receipt_gap_pp,100,32.70833333333333,4.563394032449799,33.33333333333333,29.166666666666664,37.49999999999999,8.333333333333329,20.83333333333333,41.66666666666667,31.80285695373781,33.61380971292885,0.905476379595519
RECEIPT_DROP_PCT,Receipt delivery drop,HIGH,40%,eligible_validators,100,10.0,0.0,10.0,10.0,10.0,0.0,10.0,10.0,10.0,10.0,0.0
RECEIPT_DROP_PCT,Receipt delivery drop,HIGH,40%,active_committees,100,4.0,0.0,4.0,4.0,4.0,0.0,4.0,4.0,4.0,4.0,0.0
RECEIPT_DROP_PCT,Receipt delivery drop,HIGH,40%,committee_recoveries,100,0.0,0.0,0.0,0.0,0.0,0.0,0.0,0.0,0.0,0.0,0.0
RECEIPT_DROP_PCT,Receipt delivery drop,HIGH,40%,reconfiguration_events,100,0.0,0.0,0.0,0.0,0.0,0.0,0.0,0.0,0.0,0.0,0.0
RECEIPT_DROP_PCT,Receipt delivery drop,HIGH,40%,shard_load_std,100,2.98,0.619220755009345,3.0,3.0,3.0,0.0,1.0,4.0,2.8571331681136316,3.1028668318863684,0.12286683188636824
RECEIPT_DROP_PCT,Receipt delivery drop,HIGH,40%,reward_gini,100,49.188299999999984,6.17980926367097,48.53,45.537499999999994,52.99250000000001,7.4550000000000125,33.98,64.87,47.962091770145314,50.414508229854654,1.2262082298546715
RECEIPT_DROP_PCT,Receipt delivery drop,HIGH,40%,reward_hhi,100,18.9008,2.8657784670525777,17.905,16.9075,20.955,4.047499999999999,13.99,26.46,18.332167378618294,19.469432621381706,0.5686326213817062
RECEIPT_DROP_PCT,Receipt delivery drop,HIGH,40%,nakamoto_coefficient,100,2.61,0.4902071300001973,3.0,2.0,3.0,1.0,2.0,3.0,2.512732270286508,2.7072677297134917,0.0972677297134918
RECEIPT_DROP_PCT,Receipt delivery drop,HIGH,40%,owner_concentration_pct,100,28.770699999999998,6.497578765054012,26.240000000000002,23.41,34.31,10.900000000000002,19.51,41.66,27.481439407011187,30.05996059298881,1.289260592988811
RECEIPT_DROP_PCT,Receipt delivery drop,HIGH,40%,quarantine_events,100,0.0,0.0,0.0,0.0,0.0,0.0,0.0,0.0,0.0,0.0,0.0
RECEIPT_DROP_PCT,Receipt delivery drop,HIGH,40%,slashing_events,100,0.0,0.0,0.0,0.0,0.0,0.0,0.0,0.0,0.0,0.0,0.0
RECEIPT_DROP_PCT,Receipt delivery drop,HIGH,40%,reward_events,100,79.2,3.1494748640355774,78.0,77.0,82.0,5.0,72.0,89.0,78.57507585861853,79.82492414138147,0.624924141381472
RECEIPT_DROP_PCT,Receipt delivery drop,HIGH,40%,evidence_count,100,290.3,9.866277633608044,285.0,284.0,299.0,15.0,269.0,316.0,288.3423164670337,292.2576835329663,1.9576835329663005
RECEIPT_DROP_PCT,Receipt delivery drop,HIGH,40%,model_time,100,60.5,5.524052092001986,62.0,62.0,63.0,1.0,45.0,64.0,59.403908219760325,61.596091780239675,1.0960917802396752
OWNER_CAP,Owner-stake cap,LOW,1500,submitted_tx,100,24.0,0.0,24.0,24.0,24.0,0.0,24.0,24.0,24.0,24.0,0.0
OWNER_CAP,Owner-stake cap,LOW,1500,prepared_success_pct,100,100.0,0.0,100.0,100.0,100.0,0.0,100.0,100.0,100.0,100.0,0.0
OWNER_CAP,Owner-stake cap,LOW,1500,finality_success_pct,100,100.0,0.0,100.0,100.0,100.0,0.0,100.0,100.0,100.0,100.0,0.0
OWNER_CAP,Owner-stake cap,LOW,1500,receipt_success_pct,100,100.0,0.0,100.0,100.0,100.0,0.0,100.0,100.0,100.0,100.0,0.0
OWNER_CAP,Owner-stake cap,LOW,1500,terminal_failure_pct,100,0.0,0.0,0.0,0.0,0.0,0.0,0.0,0.0,0.0,0.0,0.0
OWNER_CAP,Owner-stake cap,LOW,1500,cross_shard_ratio_pct,100,13.250000000000002,6.222019296835296,12.5,8.333333333333334,16.666666666666668,8.333333333333334,4.166666666666667,29.166666666666668,12.015416383812163,14.484583616187841,1.2345836161878396
OWNER_CAP,Owner-stake cap,LOW,1500,logical_throughput,100,0.4442627465811308,0.0517956900798059,0.48,0.3870967741935484,0.4897959183673469,0.10269914417379855,0.38095238095238093,0.5106382978723404,0.43398535795358406,0.45454013520867753,0.010277388627546732
OWNER_CAP,Owner-stake cap,LOW,1500,mean_finality_latency,100,19.53375,0.8085909157786069,19.416666666666668,18.916666666666668,20.0,1.0833333333333321,18.333333333333332,21.625,19.373308019801332,19.69419198019867,0.16044198019866968
OWNER_CAP,Owner-stake cap,LOW,1500,mean_receipt_latency,100,33.82875,1.1816007702226654,33.666666666666664,32.916666666666664,34.5,1.5833333333333357,32.083333333333336,36.875,33.594294772171665,34.063205227828334,0.234455227828338
OWNER_CAP,Owner-stake cap,LOW,1500,finality_receipt_gap_pp,100,0.0,0.0,0.0,0.0,0.0,0.0,0.0,0.0,0.0,0.0,0.0
OWNER_CAP,Owner-stake cap,LOW,1500,eligible_validators,100,10.0,0.0,10.0,10.0,10.0,0.0,10.0,10.0,10.0,10.0,0.0
OWNER_CAP,Owner-stake cap,LOW,1500,active_committees,100,4.0,0.0,4.0,4.0,4.0,0.0,4.0,4.0,4.0,4.0,0.0
OWNER_CAP,Owner-stake cap,LOW,1500,committee_recoveries,100,0.0,0.0,0.0,0.0,0.0,0.0,0.0,0.0,0.0,0.0,0.0
OWNER_CAP,Owner-stake cap,LOW,1500,reconfiguration_events,100,0.05,0.2190429135575903,0.0,0.0,0.0,0.0,0.0,1.0,0.006537133779415102,0.0934628662205849,0.0434628662205849
OWNER_CAP,Owner-stake cap,LOW,1500,shard_load_std,100,2.64,1.329691997449337,2.0,2.0,3.0,1.0,1.0,9.0,2.3761602598272225,2.903839740172778,0.2638397401727778
OWNER_CAP,Owner-stake cap,LOW,1500,reward_gini,100,49.334,5.50385246161195,48.78,46.1175,51.76,5.642499999999998,38.07,65.64,48.2419162646639,50.42608373533611,1.0920837353361061
OWNER_CAP,Owner-stake cap,LOW,1500,reward_hhi,100,18.8015,2.9243323938114405,17.82,16.9025,20.22,3.317499999999999,14.93,32.23,18.221249009212606,19.381750990787395,0.5802509907873947
OWNER_CAP,Owner-stake cap,LOW,1500,nakamoto_coefficient,100,2.68,0.48989794855663554,3.0,2.0,3.0,1.0,1.0,3.0,2.5827936185926514,2.777206381407349,0.09720638140734869
OWNER_CAP,Owner-stake cap,LOW,1500,owner_concentration_pct,100,33.0523,9.079776490707914,30.28,24.67,39.34,14.670000000000002,21.15,58.97,31.250675357052156,34.85392464294785,1.8016246429478475
OWNER_CAP,Owner-stake cap,LOW,1500,quarantine_events,100,0.0,0.0,0.0,0.0,0.0,0.0,0.0,0.0,0.0,0.0,0.0
OWNER_CAP,Owner-stake cap,LOW,1500,slashing_events,100,0.0,0.0,0.0,0.0,0.0,0.0,0.0,0.0,0.0,0.0,0.0
OWNER_CAP,Owner-stake cap,LOW,1500,reward_events,100,120.0,0.0,120.0,120.0,120.0,0.0,120.0,120.0,120.0,120.0,0.0
OWNER_CAP,Owner-stake cap,LOW,1500,evidence_count,100,397.05,0.21904291355759034,397.0,397.0,397.0,0.0,397.0,398.0,397.00653713377943,397.0934628662206,0.04346286622058491
OWNER_CAP,Owner-stake cap,LOW,1500,model_time,100,54.78,6.5698730827339675,50.0,49.0,62.0,13.0,47.0,63.0,53.4763946459468,56.083605354053205,1.303605354053205
OWNER_CAP,Owner-stake cap,DEFAULT,3000,submitted_tx,100,24.0,0.0,24.0,24.0,24.0,0.0,24.0,24.0,24.0,24.0,0.0
OWNER_CAP,Owner-stake cap,DEFAULT,3000,prepared_success_pct,100,100.0,0.0,100.0,100.0,100.0,0.0,100.0,100.0,100.0,100.0,0.0
OWNER_CAP,Owner-stake cap,DEFAULT,3000,finality_success_pct,100,100.0,0.0,100.0,100.0,100.0,0.0,100.0,100.0,100.0,100.0,0.0
OWNER_CAP,Owner-stake cap,DEFAULT,3000,receipt_success_pct,100,100.0,0.0,100.0,100.0,100.0,0.0,100.0,100.0,100.0,100.0,0.0
OWNER_CAP,Owner-stake cap,DEFAULT,3000,terminal_failure_pct,100,0.0,0.0,0.0,0.0,0.0,0.0,0.0,0.0,0.0,0.0,0.0
OWNER_CAP,Owner-stake cap,DEFAULT,3000,cross_shard_ratio_pct,100,12.875000000000002,6.570620209986519,12.5,8.333333333333334,16.666666666666668,8.333333333333334,4.166666666666667,33.333333333333336,11.571246399690846,14.178753600309157,1.3037536003091557
OWNER_CAP,Owner-stake cap,DEFAULT,3000,logical_throughput,100,0.4453271239262946,0.05230762379414722,0.48,0.3870967741935484,0.4897959183673469,0.10269914417379855,0.38095238095238093,0.5106382978723404,0.4349481565433394,0.4557060913092498,0.010378967382955195
OWNER_CAP,Owner-stake cap,DEFAULT,3000,mean_finality_latency,100,19.486666666666665,0.851256745722492,19.458333333333332,18.90625,19.96875,1.0625,18.291666666666668,22.166666666666668,19.317758860165178,19.65557447316815,0.1689078065014857
OWNER_CAP,Owner-stake cap,DEFAULT,3000,mean_receipt_latency,100,33.75916666666667,1.2451868614249508,33.708333333333336,32.90625,34.46875,1.5625,32.041666666666664,37.666666666666664,33.51209457883346,34.00623875449988,0.24707208783320747
OWNER_CAP,Owner-stake cap,DEFAULT,3000,finality_receipt_gap_pp,100,0.0,0.0,0.0,0.0,0.0,0.0,0.0,0.0,0.0,0.0,0.0
OWNER_CAP,Owner-stake cap,DEFAULT,3000,eligible_validators,100,10.0,0.0,10.0,10.0,10.0,0.0,10.0,10.0,10.0,10.0,0.0
OWNER_CAP,Owner-stake cap,DEFAULT,3000,active_committees,100,4.0,0.0,4.0,4.0,4.0,0.0,4.0,4.0,4.0,4.0,0.0
OWNER_CAP,Owner-stake cap,DEFAULT,3000,committee_recoveries,100,0.0,0.0,0.0,0.0,0.0,0.0,0.0,0.0,0.0,0.0,0.0
OWNER_CAP,Owner-stake cap,DEFAULT,3000,reconfiguration_events,100,0.03,0.1714466079977653,0.0,0.0,0.0,0.0,0.0,1.0,-0.004018726588115737,0.06401872658811573,0.034018726588115736
OWNER_CAP,Owner-stake cap,DEFAULT,3000,shard_load_std,100,2.55,1.1135075167680684,2.0,2.0,3.0,1.0,1.0,9.0,2.32905595095099,2.77094404904901,0.22094404904900983
OWNER_CAP,Owner-stake cap,DEFAULT,3000,reward_gini,100,46.7984,4.196802467295185,47.205,43.747499999999995,49.4675,5.720000000000006,38.07,55.7,45.96566334019332,47.63113665980668,0.8327366598066807
OWNER_CAP,Owner-stake cap,DEFAULT,3000,reward_hhi,100,17.3922,1.4434880454557764,17.37,16.2875,18.267500000000002,1.9800000000000004,14.91,21.19,17.10578065507943,17.67861934492057,0.28641934492056964
OWNER_CAP,Owner-stake cap,DEFAULT,3000,nakamoto_coefficient,100,2.93,0.2564323999762428,3.0,3.0,3.0,0.0,2.0,3.0,2.879118248503115,2.9808817514968853,0.05088175149688494
OWNER_CAP,Owner-stake cap,DEFAULT,3000,owner_concentration_pct,100,45.555899999999994,11.215479751241363,45.989999999999995,40.300000000000004,52.0,11.699999999999996,20.19,68.58,43.330505495741264,47.781294504258724,2.225394504258733
OWNER_CAP,Owner-stake cap,DEFAULT,3000,quarantine_events,100,0.0,0.0,0.0,0.0,0.0,0.0,0.0,0.0,0.0,0.0,0.0
OWNER_CAP,Owner-stake cap,DEFAULT,3000,slashing_events,100,0.0,0.0,0.0,0.0,0.0,0.0,0.0,0.0,0.0,0.0,0.0
OWNER_CAP,Owner-stake cap,DEFAULT,3000,reward_events,100,120.0,0.0,120.0,120.0,120.0,0.0,120.0,120.0,120.0,120.0,0.0
OWNER_CAP,Owner-stake cap,DEFAULT,3000,evidence_count,100,397.03,0.1714466079977653,397.0,397.0,397.0,0.0,397.0,398.0,396.99598127341187,397.0640187265881,0.034018726588115736
OWNER_CAP,Owner-stake cap,DEFAULT,3000,model_time,100,54.66,6.6,50.0,49.0,62.0,13.0,47.0,63.0,53.35041681195296,55.96958318804703,1.3095831880470354
OWNER_CAP,Owner-stake cap,HIGH,6000,submitted_tx,100,24.0,0.0,24.0,24.0,24.0,0.0,24.0,24.0,24.0,24.0,0.0
OWNER_CAP,Owner-stake cap,HIGH,6000,prepared_success_pct,100,100.0,0.0,100.0,100.0,100.0,0.0,100.0,100.0,100.0,100.0,0.0
OWNER_CAP,Owner-stake cap,HIGH,6000,finality_success_pct,100,100.0,0.0,100.0,100.0,100.0,0.0,100.0,100.0,100.0,100.0,0.0
OWNER_CAP,Owner-stake cap,HIGH,6000,receipt_success_pct,100,100.0,0.0,100.0,100.0,100.0,0.0,100.0,100.0,100.0,100.0,0.0
OWNER_CAP,Owner-stake cap,HIGH,6000,terminal_failure_pct,100,0.0,0.0,0.0,0.0,0.0,0.0,0.0,0.0,0.0,0.0,0.0
OWNER_CAP,Owner-stake cap,HIGH,6000,cross_shard_ratio_pct,100,12.833333333333332,5.253132249309146,12.5,8.333333333333334,16.666666666666668,8.333333333333334,4.166666666666667,25.0,11.790997927532883,13.875668739133781,1.0423354058004493
OWNER_CAP,Owner-stake cap,HIGH,6000,logical_throughput,100,0.44545764710825986,0.052085299053096785,0.48,0.3870967741935484,0.4897959183673469,0.10269914417379855,0.38095238095238093,0.5106382978723404,0.4351227937772996,0.4557925004392201,0.01033485333096026
OWNER_CAP,Owner-stake cap,HIGH,6000,mean_finality_latency,100,19.484583333333333,0.6837472826423249,19.458333333333332,18.916666666666668,20.0,1.0833333333333321,18.291666666666668,21.083333333333332,19.34891303845133,19.620253628215337,0.13567029488200505
OWNER_CAP,Owner-stake cap,HIGH,6000,mean_receipt_latency,100,33.75458333333333,0.998699613953733,33.708333333333336,32.916666666666664,34.5,1.5833333333333357,32.041666666666664,36.083333333333336,33.55641966297835,33.95274700368831,0.19816367035498078
OWNER_CAP,Owner-stake cap,HIGH,6000,finality_receipt_gap_pp,100,0.0,0.0,0.0,0.0,0.0,0.0,0.0,0.0,0.0,0.0,0.0
OWNER_CAP,Owner-stake cap,HIGH,6000,eligible_validators,100,10.0,0.0,10.0,10.0,10.0,0.0,10.0,10.0,10.0,10.0,0.0
OWNER_CAP,Owner-stake cap,HIGH,6000,active_committees,100,4.0,0.0,4.0,4.0,4.0,0.0,4.0,4.0,4.0,4.0,0.0
OWNER_CAP,Owner-stake cap,HIGH,6000,committee_recoveries,100,0.0,0.0,0.0,0.0,0.0,0.0,0.0,0.0,0.0,0.0,0.0
OWNER_CAP,Owner-stake cap,HIGH,6000,reconfiguration_events,100,0.05,0.2190429135575903,0.0,0.0,0.0,0.0,0.0,1.0,0.006537133779415102,0.0934628662205849,0.0434628662205849
OWNER_CAP,Owner-stake cap,HIGH,6000,shard_load_std,100,2.53,1.2508986668581412,2.0,2.0,3.0,1.0,1.0,9.0,2.2817945660503223,2.7782054339496773,0.24820543394967745
OWNER_CAP,Owner-stake cap,HIGH,6000,reward_gini,100,46.0186,4.080159191784437,45.99,42.91,48.277499999999996,5.3675,38.78,60.96,45.20900789664902,46.82819210335098,0.8095921033509818
OWNER_CAP,Owner-stake cap,HIGH,6000,reward_hhi,100,17.206400000000002,1.6259222837292293,16.99,16.31,17.7925,1.4825000000000017,14.99,24.65,16.883781744266237,17.529018255733767,0.32261825573376374
OWNER_CAP,Owner-stake cap,HIGH,6000,nakamoto_coefficient,100,2.94,0.23868325657594203,3.0,3.0,3.0,0.0,2.0,3.0,2.8926400636242167,2.9873599363757832,0.04735993637578344
OWNER_CAP,Owner-stake cap,HIGH,6000,owner_concentration_pct,100,38.9596,10.309668005510089,40.06,31.0,46.55,15.549999999999997,20.19,68.91,36.913938197823875,41.00526180217613,2.0456618021761246
OWNER_CAP,Owner-stake cap,HIGH,6000,quarantine_events,100,0.0,0.0,0.0,0.0,0.0,0.0,0.0,0.0,0.0,0.0,0.0
OWNER_CAP,Owner-stake cap,HIGH,6000,slashing_events,100,0.0,0.0,0.0,0.0,0.0,0.0,0.0,0.0,0.0,0.0,0.0
OWNER_CAP,Owner-stake cap,HIGH,6000,reward_events,100,120.0,0.0,120.0,120.0,120.0,0.0,120.0,120.0,120.0,120.0,0.0
OWNER_CAP,Owner-stake cap,HIGH,6000,evidence_count,100,397.05,0.21904291355759034,397.0,397.0,397.0,0.0,397.0,398.0,397.00653713377943,397.0934628662206,0.04346286622058491
OWNER_CAP,Owner-stake cap,HIGH,6000,model_time,100,54.64,6.594334881187983,50.0,49.0,62.0,13.0,47.0,63.0,53.33154089443092,55.94845910556908,1.30845910556908
MOBILE_THRESHOLD,Mobile-fitness threshold,LOW,25,submitted_tx,100,24.0,0.0,24.0,24.0,24.0,0.0,24.0,24.0,24.0,24.0,0.0
MOBILE_THRESHOLD,Mobile-fitness threshold,LOW,25,prepared_success_pct,100,100.0,0.0,100.0,100.0,100.0,0.0,100.0,100.0,100.0,100.0,0.0
MOBILE_THRESHOLD,Mobile-fitness threshold,LOW,25,finality_success_pct,100,100.0,0.0,100.0,100.0,100.0,0.0,100.0,100.0,100.0,100.0,0.0
MOBILE_THRESHOLD,Mobile-fitness threshold,LOW,25,receipt_success_pct,100,100.0,0.0,100.0,100.0,100.0,0.0,100.0,100.0,100.0,100.0,0.0
MOBILE_THRESHOLD,Mobile-fitness threshold,LOW,25,terminal_failure_pct,100,0.0,0.0,0.0,0.0,0.0,0.0,0.0,0.0,0.0,0.0,0.0
MOBILE_THRESHOLD,Mobile-fitness threshold,LOW,25,cross_shard_ratio_pct,100,11.999999999999998,5.138376987880972,12.5,8.333333333333334,16.666666666666668,8.333333333333334,4.166666666666667,25.0,10.9804345277005,13.019565472299496,1.0195654722994978
MOBILE_THRESHOLD,Mobile-fitness threshold,LOW,25,logical_throughput,100,0.45305958660746376,0.04988880713507173,0.48,0.3870967741935484,0.4897959183673469,0.10269914417379855,0.38095238095238093,0.5106382978723404,0.4431605649262803,0.4629586082886472,0.009899021681183475
MOBILE_THRESHOLD,Mobile-fitness threshold,LOW,25,mean_finality_latency,100,19.36875,0.6711072385582966,19.416666666666668,18.875,19.958333333333332,1.0833333333333321,18.291666666666668,21.083333333333332,19.235587764092028,19.50191223590797,0.1331622359079722
MOBILE_THRESHOLD,Mobile-fitness threshold,LOW,25,mean_receipt_latency,100,33.58875,0.9791716813396913,33.666666666666664,32.875,34.458333333333336,1.5833333333333357,32.041666666666664,36.083333333333336,33.39446109513724,33.78303890486276,0.19428890486275893
MOBILE_THRESHOLD,Mobile-fitness threshold,LOW,25,finality_receipt_gap_pp,100,0.0,0.0,0.0,0.0,0.0,0.0,0.0,0.0,0.0,0.0,0.0
MOBILE_THRESHOLD,Mobile-fitness threshold,LOW,25,eligible_validators,100,6.0,0.0,6.0,6.0,6.0,0.0,6.0,6.0,6.0,6.0,0.0
MOBILE_THRESHOLD,Mobile-fitness threshold,LOW,25,active_committees,100,4.0,0.0,4.0,4.0,4.0,0.0,4.0,4.0,4.0,4.0,0.0
MOBILE_THRESHOLD,Mobile-fitness threshold,LOW,25,committee_recoveries,100,1.15,0.5751591786697667,1.0,1.0,1.25,0.25,0.0,2.0,1.0358759407822926,1.2641240592177072,0.11412405921770721
MOBILE_THRESHOLD,Mobile-fitness threshold,LOW,25,reconfiguration_events,100,0.06,0.23868325657594203,0.0,0.0,0.0,0.0,0.0,1.0,0.01264006362421656,0.10735993637578344,0.04735993637578344
MOBILE_THRESHOLD,Mobile-fitness threshold,LOW,25,shard_load_std,100,2.69,1.0019677609281619,2.5,2.0,3.0,1.0,1.0,6.0,2.4911878583823253,2.8888121416176746,0.19881214161767455
MOBILE_THRESHOLD,Mobile-fitness threshold,LOW,25,reward_gini,100,59.828599999999994,3.2716261116058813,60.285,58.442499999999995,61.97,3.5275000000000034,52.05,68.61,59.17943840100988,60.47776159899011,0.6491615989901146
MOBILE_THRESHOLD,Mobile-fitness threshold,LOW,25,reward_hhi,100,23.105799999999995,2.2838551405529866,23.03,22.0225,24.065,2.0425000000000004,18.95,30.4,22.652633591514693,23.558966408485297,0.45316640848530165
MOBILE_THRESHOLD,Mobile-fitness threshold,LOW,25,nakamoto_coefficient,100,2.15,0.35887028128263676,2.0,2.0,2.0,0.0,2.0,3.0,2.0787923504458403,2.2212076495541595,0.07120764955415937
MOBILE_THRESHOLD,Mobile-fitness threshold,LOW,25,owner_concentration_pct,100,35.3548,5.360688083378172,35.75,32.6275,38.845,6.217500000000001,23.71,53.48,34.29112318327937,36.41847681672063,1.063676816720627
MOBILE_THRESHOLD,Mobile-fitness threshold,LOW,25,quarantine_events,100,2.0,0.0,2.0,2.0,2.0,0.0,2.0,2.0,2.0,2.0,0.0
MOBILE_THRESHOLD,Mobile-fitness threshold,LOW,25,slashing_events,100,2.0,0.0,2.0,2.0,2.0,0.0,2.0,2.0,2.0,2.0,0.0
MOBILE_THRESHOLD,Mobile-fitness threshold,LOW,25,reward_events,100,136.56,1.2973944362576568,137.0,136.0,137.0,1.0,133.0,140.0,136.30256879666837,136.81743120333164,0.25743120333163466
MOBILE_THRESHOLD,Mobile-fitness threshold,LOW,25,evidence_count,100,447.06,0.23868325657594203,447.0,447.0,447.0,0.0,447.0,448.0,447.01264006362425,447.10735993637576,0.04735993637578344
MOBILE_THRESHOLD,Mobile-fitness threshold,LOW,25,model_time,100,53.66,6.3041112126784515,50.0,49.0,62.0,13.0,47.0,63.0,52.40912756671174,54.910872433288255,1.250872433288259
MOBILE_THRESHOLD,Mobile-fitness threshold,DEFAULT,35,submitted_tx,100,24.0,0.0,24.0,24.0,24.0,0.0,24.0,24.0,24.0,24.0,0.0
MOBILE_THRESHOLD,Mobile-fitness threshold,DEFAULT,35,prepared_success_pct,100,100.0,0.0,100.0,100.0,100.0,0.0,100.0,100.0,100.0,100.0,0.0
MOBILE_THRESHOLD,Mobile-fitness threshold,DEFAULT,35,finality_success_pct,100,100.0,0.0,100.0,100.0,100.0,0.0,100.0,100.0,100.0,100.0,0.0
MOBILE_THRESHOLD,Mobile-fitness threshold,DEFAULT,35,receipt_success_pct,100,100.0,0.0,100.0,100.0,100.0,0.0,100.0,100.0,100.0,100.0,0.0
MOBILE_THRESHOLD,Mobile-fitness threshold,DEFAULT,35,terminal_failure_pct,100,0.0,0.0,0.0,0.0,0.0,0.0,0.0,0.0,0.0,0.0,0.0
MOBILE_THRESHOLD,Mobile-fitness threshold,DEFAULT,35,cross_shard_ratio_pct,100,13.25,6.278135325475485,12.5,8.333333333333334,16.666666666666668,8.333333333333334,4.166666666666667,33.333333333333336,12.004281746283803,14.495718253716197,1.2457182537161966
MOBILE_THRESHOLD,Mobile-fitness threshold,DEFAULT,35,logical_throughput,100,0.44872821273518804,0.052033495196969315,0.48,0.3870967741935484,0.4897959183673469,0.10269914417379855,0.38095238095238093,0.5106382978723404,0.43840363841317637,0.4590527870571997,0.010324574322011695
MOBILE_THRESHOLD,Mobile-fitness threshold,DEFAULT,35,mean_finality_latency,100,19.539166666666667,0.8212896533653812,19.458333333333332,18.916666666666668,20.0,1.0833333333333321,18.291666666666668,22.125,19.376204981429655,19.702128351903678,0.1629616852370122
MOBILE_THRESHOLD,Mobile-fitness threshold,DEFAULT,35,mean_receipt_latency,100,33.83416666666667,1.1976990543084511,33.708333333333336,32.916666666666664,34.5,1.5833333333333357,32.041666666666664,37.625,33.59651719002088,34.071816143312454,0.23764947664578498
MOBILE_THRESHOLD,Mobile-fitness threshold,DEFAULT,35,finality_receipt_gap_pp,100,0.0,0.0,0.0,0.0,0.0,0.0,0.0,0.0,0.0,0.0,0.0
MOBILE_THRESHOLD,Mobile-fitness threshold,DEFAULT,35,eligible_validators,100,6.0,0.0,6.0,6.0,6.0,0.0,6.0,6.0,6.0,6.0,0.0
MOBILE_THRESHOLD,Mobile-fitness threshold,DEFAULT,35,active_committees,100,4.0,0.0,4.0,4.0,4.0,0.0,4.0,4.0,4.0,4.0,0.0
MOBILE_THRESHOLD,Mobile-fitness threshold,DEFAULT,35,committee_recoveries,100,1.15,0.5751591786697667,1.0,1.0,1.25,0.25,0.0,2.0,1.0358759407822926,1.2641240592177072,0.11412405921770721
MOBILE_THRESHOLD,Mobile-fitness threshold,DEFAULT,35,reconfiguration_events,100,0.02,0.14070529413628965,0.0,0.0,0.0,0.0,0.0,1.0,-0.007918982980317884,0.04791898298031788,0.027918982980317884
MOBILE_THRESHOLD,Mobile-fitness threshold,DEFAULT,35,shard_load_std,100,2.51,0.9999494936740504,2.0,2.0,3.0,1.0,1.0,9.0,2.3115883263921693,2.7084116736078303,0.19841167360783057
MOBILE_THRESHOLD,Mobile-fitness threshold,DEFAULT,35,reward_gini,100,59.97159999999999,3.2710572596577387,60.26,58.69,62.152499999999996,3.4624999999999986,52.18,67.2,59.322551273577716,60.62064872642226,0.6490487264222699
MOBILE_THRESHOLD,Mobile-fitness threshold,DEFAULT,35,reward_hhi,100,23.226299999999995,2.2963535675219324,23.175,22.0475,24.060000000000002,2.012500000000003,19.03,29.62,22.7706536324487,23.68194636755129,0.4556463675512963
MOBILE_THRESHOLD,Mobile-fitness threshold,DEFAULT,35,nakamoto_coefficient,100,2.16,0.3684529491774707,2.0,2.0,2.0,0.0,2.0,3.0,2.0868909412380057,2.2331090587619946,0.07310905876199461
MOBILE_THRESHOLD,Mobile-fitness threshold,DEFAULT,35,owner_concentration_pct,100,35.7939,5.3474553364902055,36.224999999999994,33.305,39.24,5.935000000000002,23.85,55.52,34.73284884734849,36.85495115265151,1.0610511526515114
MOBILE_THRESHOLD,Mobile-fitness threshold,DEFAULT,35,quarantine_events,100,2.0,0.0,2.0,2.0,2.0,0.0,2.0,2.0,2.0,2.0,0.0
MOBILE_THRESHOLD,Mobile-fitness threshold,DEFAULT,35,slashing_events,100,2.0,0.0,2.0,2.0,2.0,0.0,2.0,2.0,2.0,2.0,0.0
MOBILE_THRESHOLD,Mobile-fitness threshold,DEFAULT,35,reward_events,100,136.47,1.1586739198433926,136.0,136.0,137.0,1.0,134.0,139.0,136.24009395668855,136.69990604331144,0.22990604331143416
MOBILE_THRESHOLD,Mobile-fitness threshold,DEFAULT,35,evidence_count,100,447.02,0.1407052941362897,447.0,447.0,447.0,0.0,447.0,448.0,446.99208101701964,447.0479189829803,0.027918982980317898
MOBILE_THRESHOLD,Mobile-fitness threshold,DEFAULT,35,model_time,100,54.24,6.586058124262314,50.0,49.0,62.0,13.0,47.0,63.0,52.93318318257053,55.54681681742947,1.3068168174294725
MOBILE_THRESHOLD,Mobile-fitness threshold,HIGH,65,submitted_tx,100,24.0,0.0,24.0,24.0,24.0,0.0,24.0,24.0,24.0,24.0,0.0
MOBILE_THRESHOLD,Mobile-fitness threshold,HIGH,65,prepared_success_pct,100,100.0,0.0,100.0,100.0,100.0,0.0,100.0,100.0,100.0,100.0,0.0
MOBILE_THRESHOLD,Mobile-fitness threshold,HIGH,65,finality_success_pct,100,75.0,0.0,75.0,75.0,75.0,0.0,75.0,75.0,75.0,75.0,0.0
MOBILE_THRESHOLD,Mobile-fitness threshold,HIGH,65,receipt_success_pct,100,75.0,0.0,75.0,75.0,75.0,0.0,75.0,75.0,75.0,75.0,0.0
MOBILE_THRESHOLD,Mobile-fitness threshold,HIGH,65,terminal_failure_pct,100,25.0,0.0,25.0,25.0,25.0,0.0,25.0,25.0,25.0,25.0,0.0
MOBILE_THRESHOLD,Mobile-fitness threshold,HIGH,65,cross_shard_ratio_pct,100,12.958333333333336,6.723636006267825,12.5,8.333333333333334,16.666666666666668,8.333333333333334,4.166666666666667,33.333333333333336,11.624218079339993,14.292448587326678,1.3341152539933419
MOBILE_THRESHOLD,Mobile-fitness threshold,HIGH,65,logical_throughput,100,0.37131949630916194,0.028423881108362525,0.3673469387755102,0.36,0.375,0.015000000000000013,0.36,0.5625,0.365679581636653,0.3769594109816709,0.0056399146725089845
MOBILE_THRESHOLD,Mobile-fitness threshold,HIGH,65,mean_finality_latency,100,18.881666666666664,0.8248787355092255,18.72222222222222,18.180555555555557,19.38888888888889,1.2083333333333321,17.333333333333332,22.166666666666668,18.717992829666606,19.045340503666722,0.16367383700005741
MOBILE_THRESHOLD,Mobile-fitness threshold,HIGH,65,mean_receipt_latency,100,32.64833333333333,1.2204878777289234,32.388888888888886,31.51388888888889,33.388888888888886,1.8749999999999964,30.333333333333332,37.5,32.406162059713786,32.89050460695288,0.24217127361954605
MOBILE_THRESHOLD,Mobile-fitness threshold,HIGH,65,finality_receipt_gap_pp,100,0.0,0.0,0.0,0.0,0.0,0.0,0.0,0.0,0.0,0.0,0.0
MOBILE_THRESHOLD,Mobile-fitness threshold,HIGH,65,eligible_validators,100,3.0,0.0,3.0,3.0,3.0,0.0,3.0,3.0,3.0,3.0,0.0
MOBILE_THRESHOLD,Mobile-fitness threshold,HIGH,65,active_committees,100,4.0,0.0,4.0,4.0,4.0,0.0,4.0,4.0,4.0,4.0,0.0
MOBILE_THRESHOLD,Mobile-fitness threshold,HIGH,65,committee_recoveries,100,4.0,0.0,4.0,4.0,4.0,0.0,4.0,4.0,4.0,4.0,0.0
MOBILE_THRESHOLD,Mobile-fitness threshold,HIGH,65,reconfiguration_events,100,0.02,0.14070529413628968,0.0,0.0,0.0,0.0,0.0,1.0,-0.00791898298031789,0.047918982980317895,0.02791898298031789
MOBILE_THRESHOLD,Mobile-fitness threshold,HIGH,65,shard_load_std,100,2.56,0.9354953314429287,3.0,2.0,3.0,1.0,1.0,9.0,2.374377430522099,2.7456225694779013,0.18562256947790132
MOBILE_THRESHOLD,Mobile-fitness threshold,HIGH,65,reward_gini,100,76.964,2.161003321037559,77.77,75.98,78.37,2.3900000000000006,71.79,80.76,76.53521005779628,77.39278994220372,0.42878994220372696
MOBILE_THRESHOLD,Mobile-fitness threshold,HIGH,65,reward_hhi,100,40.5716,4.068499517418224,41.01,38.32,42.62,4.299999999999997,33.85,52.64,39.764321429001754,41.37887857099824,0.8072785709982397
MOBILE_THRESHOLD,Mobile-fitness threshold,HIGH,65,nakamoto_coefficient,100,1.34,0.47609522856952335,1.0,1.0,2.0,1.0,1.0,2.0,1.2455323776902942,1.434467622309706,0.09446762230970582
MOBILE_THRESHOLD,Mobile-fitness threshold,HIGH,65,owner_concentration_pct,100,52.44349999999999,7.190837938135253,54.27,45.29,57.26,11.969999999999999,39.31,69.23,51.01668174670412,53.87031825329586,1.426818253295869
MOBILE_THRESHOLD,Mobile-fitness threshold,HIGH,65,quarantine_events,100,2.0,0.0,2.0,2.0,2.0,0.0,2.0,2.0,2.0,2.0,0.0
MOBILE_THRESHOLD,Mobile-fitness threshold,HIGH,65,slashing_events,100,2.0,0.0,2.0,2.0,2.0,0.0,2.0,2.0,2.0,2.0,0.0
MOBILE_THRESHOLD,Mobile-fitness threshold,HIGH,65,reward_events,100,90.0,0.0,90.0,90.0,90.0,0.0,90.0,90.0,90.0,90.0,0.0
MOBILE_THRESHOLD,Mobile-fitness threshold,HIGH,65,evidence_count,100,357.02,0.14070529413628968,357.0,357.0,357.0,0.0,357.0,358.0,356.99208101701964,357.0479189829803,0.02791898298031789
MOBILE_THRESHOLD,Mobile-fitness threshold,HIGH,65,model_time,100,48.67,2.582204054248575,49.0,48.0,50.0,2.0,32.0,50.0,48.15763469431048,49.18236530568952,0.5123653056895195
COMMITTEE_QUORUM,Committee/quorum,LOW,3/2,submitted_tx,100,24.0,0.0,24.0,24.0,24.0,0.0,24.0,24.0,24.0,24.0,0.0
COMMITTEE_QUORUM,Committee/quorum,LOW,3/2,prepared_success_pct,100,100.0,0.0,100.0,100.0,100.0,0.0,100.0,100.0,100.0,100.0,0.0
COMMITTEE_QUORUM,Committee/quorum,LOW,3/2,finality_success_pct,100,100.0,0.0,100.0,100.0,100.0,0.0,100.0,100.0,100.0,100.0,0.0
COMMITTEE_QUORUM,Committee/quorum,LOW,3/2,receipt_success_pct,100,100.0,0.0,100.0,100.0,100.0,0.0,100.0,100.0,100.0,100.0,0.0
COMMITTEE_QUORUM,Committee/quorum,LOW,3/2,terminal_failure_pct,100,0.0,0.0,0.0,0.0,0.0,0.0,0.0,0.0,0.0,0.0,0.0
COMMITTEE_QUORUM,Committee/quorum,LOW,3/2,cross_shard_ratio_pct,100,11.5,5.7148869332588434,8.333333333333334,8.333333333333334,16.666666666666668,8.333333333333334,4.166666666666667,25.0,10.366042447062808,12.633957552937192,1.1339575529371912
COMMITTEE_QUORUM,Committee/quorum,LOW,3/2,logical_throughput,100,0.4541876038267057,0.050720634517990824,0.48,0.3870967741935484,0.4897959183673469,0.10269914417379855,0.38095238095238093,0.5106382978723404,0.44412352954612405,0.46425167810728735,0.010064074280581658
COMMITTEE_QUORUM,Committee/quorum,LOW,3/2,mean_finality_latency,100,19.310416666666665,0.7487216705900953,18.958333333333332,18.875,19.958333333333332,1.0833333333333321,18.291666666666668,21.125,19.161854043586168,19.458979289747163,0.1485626230804969
COMMITTEE_QUORUM,Committee/quorum,LOW,3/2,mean_receipt_latency,100,33.500416666666666,1.091405033931964,32.958333333333336,32.875,34.458333333333336,1.5833333333333357,32.041666666666664,36.125,33.28385822972921,33.71697510360412,0.21655843693745522
COMMITTEE_QUORUM,Committee/quorum,LOW,3/2,finality_receipt_gap_pp,100,0.0,0.0,0.0,0.0,0.0,0.0,0.0,0.0,0.0,0.0,0.0
COMMITTEE_QUORUM,Committee/quorum,LOW,3/2,eligible_validators,100,6.0,0.0,6.0,6.0,6.0,0.0,6.0,6.0,6.0,6.0,0.0
COMMITTEE_QUORUM,Committee/quorum,LOW,3/2,active_committees,100,4.0,0.0,4.0,4.0,4.0,0.0,4.0,4.0,4.0,4.0,0.0
COMMITTEE_QUORUM,Committee/quorum,LOW,3/2,committee_recoveries,100,0.48,0.5218459852516184,0.0,0.0,1.0,1.0,0.0,2.0,0.3764544349946423,0.5835455650053577,0.10354556500535768
COMMITTEE_QUORUM,Committee/quorum,LOW,3/2,reconfiguration_events,100,0.04,0.19694638556693236,0.0,0.0,0.0,0.0,0.0,1.0,0.0009215643204418325,0.07907843567955816,0.03907843567955817
COMMITTEE_QUORUM,Committee/quorum,LOW,3/2,shard_load_std,100,2.48,0.8930709700666334,2.0,2.0,3.0,1.0,1.0,6.0,2.302795344222406,2.657204655777594,0.17720465577759398
COMMITTEE_QUORUM,Committee/quorum,LOW,3/2,reward_gini,100,64.0032,4.4281698981029,64.47999999999999,61.8275,66.73,4.902500000000003,52.96,73.07,63.12455502236796,64.88184497763206,0.8786449776320474
COMMITTEE_QUORUM,Committee/quorum,LOW,3/2,reward_hhi,100,26.114300000000004,3.3231852357506515,26.604999999999997,23.96,28.17,4.210000000000001,19.33,35.2,25.454907952196187,26.77369204780382,0.6593920478038148
COMMITTEE_QUORUM,Committee/quorum,LOW,3/2,nakamoto_coefficient,100,2.1,0.30151134457776363,2.0,2.0,2.0,0.0,2.0,3.0,2.0401736078993187,2.1598263921006815,0.059826392100681205
COMMITTEE_QUORUM,Committee/quorum,LOW,3/2,owner_concentration_pct,100,38.26409999999999,6.493946068874806,38.92,34.43,42.33,7.899999999999999,23.66,59.66,36.97556021274506,39.552639787254925,1.2885397872549365
COMMITTEE_QUORUM,Committee/quorum,LOW,3/2,quarantine_events,100,2.0,0.0,2.0,2.0,2.0,0.0,2.0,2.0,2.0,2.0,0.0
COMMITTEE_QUORUM,Committee/quorum,LOW,3/2,slashing_events,100,2.0,0.0,2.0,2.0,2.0,0.0,2.0,2.0,2.0,2.0,0.0
COMMITTEE_QUORUM,Committee/quorum,LOW,3/2,reward_events,100,114.57,1.4512620770080145,115.0,113.75,116.0,2.25,111.0,118.0,114.2820381185606,114.85796188143938,0.2879618814393815
COMMITTEE_QUORUM,Committee/quorum,LOW,3/2,evidence_count,100,399.04,0.19694638556693236,399.0,399.0,399.0,0.0,399.0,400.0,399.00092156432044,399.0790784356796,0.03907843567955817
COMMITTEE_QUORUM,Committee/quorum,LOW,3/2,model_time,100,53.55,6.412385427334111,50.0,49.0,62.0,13.0,47.0,63.0,52.277643613497794,54.8223563865022,1.2723563865022056
COMMITTEE_QUORUM,Committee/quorum,DEFAULT,4/3,submitted_tx,100,24.0,0.0,24.0,24.0,24.0,0.0,24.0,24.0,24.0,24.0,0.0
COMMITTEE_QUORUM,Committee/quorum,DEFAULT,4/3,prepared_success_pct,100,100.0,0.0,100.0,100.0,100.0,0.0,100.0,100.0,100.0,100.0,0.0
COMMITTEE_QUORUM,Committee/quorum,DEFAULT,4/3,finality_success_pct,100,100.0,0.0,100.0,100.0,100.0,0.0,100.0,100.0,100.0,100.0,0.0
COMMITTEE_QUORUM,Committee/quorum,DEFAULT,4/3,receipt_success_pct,100,100.0,0.0,100.0,100.0,100.0,0.0,100.0,100.0,100.0,100.0,0.0
COMMITTEE_QUORUM,Committee/quorum,DEFAULT,4/3,terminal_failure_pct,100,0.0,0.0,0.0,0.0,0.0,0.0,0.0,0.0,0.0,0.0,0.0
COMMITTEE_QUORUM,Committee/quorum,DEFAULT,4/3,cross_shard_ratio_pct,100,12.374999999999998,6.167525420231614,12.5,8.333333333333334,16.666666666666668,8.333333333333334,4.166666666666667,29.166666666666668,11.151229151183626,13.59877084881637,1.2237708488163712
COMMITTEE_QUORUM,Committee/quorum,DEFAULT,4/3,logical_throughput,100,0.4485475376923501,0.051553106784866284,0.48,0.3870967741935484,0.4897959183673469,0.10269914417379855,0.38095238095238093,0.5106382978723404,0.43831828285340246,0.4587767925312978,0.010229254838947644
COMMITTEE_QUORUM,Committee/quorum,DEFAULT,4/3,mean_finality_latency,100,19.425416666666667,0.8028362103441341,19.416666666666668,18.916666666666668,19.958333333333332,1.0416666666666643,18.291666666666668,21.625,19.266116544875445,19.58471678845789,0.15930012179122294
COMMITTEE_QUORUM,Committee/quorum,DEFAULT,4/3,mean_receipt_latency,100,33.66791666666666,1.1726256995072133,33.666666666666664,32.916666666666664,34.458333333333336,1.5416666666666714,32.041666666666664,36.875,33.435242287583854,33.90059104574947,0.23267437908280933
COMMITTEE_QUORUM,Committee/quorum,DEFAULT,4/3,finality_receipt_gap_pp,100,0.0,0.0,0.0,0.0,0.0,0.0,0.0,0.0,0.0,0.0,0.0
COMMITTEE_QUORUM,Committee/quorum,DEFAULT,4/3,eligible_validators,100,6.0,0.0,6.0,6.0,6.0,0.0,6.0,6.0,6.0,6.0,0.0
COMMITTEE_QUORUM,Committee/quorum,DEFAULT,4/3,active_committees,100,4.0,0.0,4.0,4.0,4.0,0.0,4.0,4.0,4.0,4.0,0.0
COMMITTEE_QUORUM,Committee/quorum,DEFAULT,4/3,committee_recoveries,100,1.15,0.5751591786697667,1.0,1.0,1.25,0.25,0.0,2.0,1.0358759407822926,1.2641240592177072,0.11412405921770721
COMMITTEE_QUORUM,Committee/quorum,DEFAULT,4/3,reconfiguration_events,100,0.05,0.2190429135575903,0.0,0.0,0.0,0.0,0.0,1.0,0.006537133779415102,0.0934628662205849,0.0434628662205849
COMMITTEE_QUORUM,Committee/quorum,DEFAULT,4/3,shard_load_std,100,2.53,1.201472160948956,2.0,2.0,3.0,1.0,1.0,9.0,2.2916018571385917,2.768398142861408,0.23839814286140829
COMMITTEE_QUORUM,Committee/quorum,DEFAULT,4/3,reward_gini,100,59.90120000000001,3.24172833313629,60.315,58.26,62.067499999999995,3.8074999999999974,52.03,68.16,59.25797076889531,60.54442923110471,0.6432292311047008
COMMITTEE_QUORUM,Committee/quorum,DEFAULT,4/3,reward_hhi,100,23.154500000000002,2.271060969963803,23.060000000000002,21.9225,24.224999999999998,2.3024999999999984,19.09,30.07,22.703872232531154,23.60512776746885,0.4506277674688469
COMMITTEE_QUORUM,Committee/quorum,DEFAULT,4/3,nakamoto_coefficient,100,2.15,0.35887028128263676,2.0,2.0,2.0,0.0,2.0,3.0,2.0787923504458403,2.2212076495541595,0.07120764955415937
COMMITTEE_QUORUM,Committee/quorum,DEFAULT,4/3,owner_concentration_pct,100,35.528800000000004,5.328056154343569,36.12,32.75,39.24,6.490000000000002,23.98,53.8,34.47159806595472,36.586001934045285,1.0572019340452847
COMMITTEE_QUORUM,Committee/quorum,DEFAULT,4/3,quarantine_events,100,2.0,0.0,2.0,2.0,2.0,0.0,2.0,2.0,2.0,2.0,0.0
COMMITTEE_QUORUM,Committee/quorum,DEFAULT,4/3,slashing_events,100,2.0,0.0,2.0,2.0,2.0,0.0,2.0,2.0,2.0,2.0,0.0
COMMITTEE_QUORUM,Committee/quorum,DEFAULT,4/3,reward_events,100,136.56,1.1748199948085751,137.0,136.0,137.0,1.0,133.0,140.0,136.3268902251238,136.7931097748762,0.23310977487618417
COMMITTEE_QUORUM,Committee/quorum,DEFAULT,4/3,evidence_count,100,447.05,0.21904291355759034,447.0,447.0,447.0,0.0,447.0,448.0,447.00653713377943,447.0934628662206,0.04346286622058491
COMMITTEE_QUORUM,Committee/quorum,DEFAULT,4/3,model_time,100,54.25,6.541823487794098,50.0,49.0,62.0,13.0,47.0,63.0,52.951960294123275,55.548039705876725,1.298039705876723
COMMITTEE_QUORUM,Committee/quorum,HIGH,5/4,submitted_tx,100,24.0,0.0,24.0,24.0,24.0,0.0,24.0,24.0,24.0,24.0,0.0
COMMITTEE_QUORUM,Committee/quorum,HIGH,5/4,prepared_success_pct,100,100.0,0.0,100.0,100.0,100.0,0.0,100.0,100.0,100.0,100.0,0.0
COMMITTEE_QUORUM,Committee/quorum,HIGH,5/4,finality_success_pct,100,100.0,0.0,100.0,100.0,100.0,0.0,100.0,100.0,100.0,100.0,0.0
COMMITTEE_QUORUM,Committee/quorum,HIGH,5/4,receipt_success_pct,100,100.0,0.0,100.0,100.0,100.0,0.0,100.0,100.0,100.0,100.0,0.0
COMMITTEE_QUORUM,Committee/quorum,HIGH,5/4,terminal_failure_pct,100,0.0,0.0,0.0,0.0,0.0,0.0,0.0,0.0,0.0,0.0,0.0
COMMITTEE_QUORUM,Committee/quorum,HIGH,5/4,cross_shard_ratio_pct,100,13.208333333333332,5.71289202079839,12.5,8.333333333333334,16.666666666666668,8.333333333333334,4.166666666666667,29.166666666666668,12.074771614308236,14.341895052358428,1.1335617190250948
COMMITTEE_QUORUM,Committee/quorum,HIGH,5/4,logical_throughput,100,0.44017010631294384,0.052123112388910195,0.48,0.3870967741935484,0.4897959183673469,0.10269914417379855,0.38095238095238093,0.5106382978723404,0.4298277499957919,0.4505124626300958,0.010342356317151961
COMMITTEE_QUORUM,Committee/quorum,HIGH,5/4,mean_finality_latency,100,19.53708333333333,0.7440819400453711,19.458333333333332,18.916666666666668,20.0,1.0833333333333321,18.291666666666668,21.583333333333332,19.3894413334526,19.684725333214065,0.14764199988073337
COMMITTEE_QUORUM,Committee/quorum,HIGH,5/4,mean_receipt_latency,100,33.82958333333334,1.0865514071767204,33.708333333333336,32.916666666666664,34.5,1.5833333333333357,32.041666666666664,36.833333333333336,33.61398796124433,34.04517870542235,0.21559537208901242
COMMITTEE_QUORUM,Committee/quorum,HIGH,5/4,finality_receipt_gap_pp,100,0.0,0.0,0.0,0.0,0.0,0.0,0.0,0.0,0.0,0.0,0.0
COMMITTEE_QUORUM,Committee/quorum,HIGH,5/4,eligible_validators,100,6.0,0.0,6.0,6.0,6.0,0.0,6.0,6.0,6.0,6.0,0.0
COMMITTEE_QUORUM,Committee/quorum,HIGH,5/4,active_committees,100,4.0,0.0,4.0,4.0,4.0,0.0,4.0,4.0,4.0,4.0,0.0
COMMITTEE_QUORUM,Committee/quorum,HIGH,5/4,committee_recoveries,100,2.25,0.6723244767373876,2.0,2.0,3.0,1.0,1.0,4.0,2.1165962376291207,2.3834037623708793,0.13340376237087925
COMMITTEE_QUORUM,Committee/quorum,HIGH,5/4,reconfiguration_events,100,0.03,0.1714466079977653,0.0,0.0,0.0,0.0,0.0,1.0,-0.004018726588115737,0.06401872658811573,0.034018726588115736
COMMITTEE_QUORUM,Committee/quorum,HIGH,5/4,shard_load_std,100,2.42,1.0365053952312233,2.0,2.0,3.0,1.0,1.0,8.0,2.2143348424371427,2.625665157562857,0.20566515756285728
COMMITTEE_QUORUM,Committee/quorum,HIGH,5/4,reward_gini,100,56.4902,2.8757930763846375,56.51,54.66,58.427499999999995,3.7674999999999983,50.0,64.35,55.919580262858275,57.06081973714173,0.5706197371417251
COMMITTEE_QUORUM,Committee/quorum,HIGH,5/4,reward_hhi,100,21.138,1.6290258599927911,21.005000000000003,20.09,22.07,1.9800000000000004,18.15,27.3,20.814765927402966,21.461234072597037,0.32323407259703385
COMMITTEE_QUORUM,Committee/quorum,HIGH,5/4,nakamoto_coefficient,100,2.28,0.4512608598542129,2.0,2.0,3.0,1.0,2.0,3.0,2.190460055228981,2.369539944771019,0.08953994477101919
COMMITTEE_QUORUM,Committee/quorum,HIGH,5/4,owner_concentration_pct,100,34.355599999999995,5.848245583424178,34.31,30.86,37.817499999999995,6.957499999999996,23.84,52.57,33.195181197632934,35.51601880236706,1.1604188023670652
COMMITTEE_QUORUM,Committee/quorum,HIGH,5/4,quarantine_events,100,2.0,0.0,2.0,2.0,2.0,0.0,2.0,2.0,2.0,2.0,0.0
COMMITTEE_QUORUM,Committee/quorum,HIGH,5/4,slashing_events,100,2.0,0.0,2.0,2.0,2.0,0.0,2.0,2.0,2.0,2.0,0.0
COMMITTEE_QUORUM,Committee/quorum,HIGH,5/4,reward_events,100,158.64,0.7590531049680359,159.0,158.0,159.0,1.0,157.0,160.0,158.4893873961968,158.79061260380317,0.1506126038031881
COMMITTEE_QUORUM,Committee/quorum,HIGH,5/4,evidence_count,100,495.03,0.1714466079977653,495.0,495.0,495.0,0.0,495.0,496.0,494.99598127341187,495.0640187265881,0.034018726588115736
COMMITTEE_QUORUM,Committee/quorum,HIGH,5/4,model_time,100,55.3,6.618767317868245,50.0,49.0,62.0,13.0,47.0,63.0,53.98669296892796,56.61330703107203,1.3133070310720336
LOAD_THRESHOLD,Load threshold,LOW,45,submitted_tx,100,32.0,0.0,32.0,32.0,32.0,0.0,32.0,32.0,32.0,32.0,0.0
LOAD_THRESHOLD,Load threshold,LOW,45,prepared_success_pct,100,100.0,0.0,100.0,100.0,100.0,0.0,100.0,100.0,100.0,100.0,0.0
LOAD_THRESHOLD,Load threshold,LOW,45,finality_success_pct,100,100.0,0.0,100.0,100.0,100.0,0.0,100.0,100.0,100.0,100.0,0.0
LOAD_THRESHOLD,Load threshold,LOW,45,receipt_success_pct,100,100.0,0.0,100.0,100.0,100.0,0.0,100.0,100.0,100.0,100.0,0.0
LOAD_THRESHOLD,Load threshold,LOW,45,terminal_failure_pct,100,0.0,0.0,0.0,0.0,0.0,0.0,0.0,0.0,0.0,0.0,0.0
LOAD_THRESHOLD,Load threshold,LOW,45,cross_shard_ratio_pct,100,50.4375,2.6657491319221007,50.0,50.0,53.125,3.125,43.75,56.25,49.90855753837634,50.96644246162366,0.5289424616236609
LOAD_THRESHOLD,Load threshold,LOW,45,logical_throughput,100,0.6496653061224488,0.005757962478717463,0.6530612244897959,0.64,0.6530612244897959,0.013061224489795853,0.64,0.6530612244897959,0.6485228014467618,0.6508078107981358,0.0011425046756869737
LOAD_THRESHOLD,Load threshold,LOW,45,mean_finality_latency,100,24.1575,0.3136003355459708,24.15625,24.0859375,24.4375,0.3515625,23.3125,25.0,24.095274889818647,24.21972511018135,0.06222511018135037
LOAD_THRESHOLD,Load threshold,LOW,45,mean_receipt_latency,100,40.74625,0.4719123128936202,40.71875,40.6484375,41.1875,0.5390625,39.5,41.9375,40.652612358909415,40.83988764109059,0.09363764109058746
LOAD_THRESHOLD,Load threshold,LOW,45,finality_receipt_gap_pp,100,0.0,0.0,0.0,0.0,0.0,0.0,0.0,0.0,0.0,0.0,0.0
LOAD_THRESHOLD,Load threshold,LOW,45,eligible_validators,100,10.0,0.0,10.0,10.0,10.0,0.0,10.0,10.0,10.0,10.0,0.0
LOAD_THRESHOLD,Load threshold,LOW,45,active_committees,100,4.0,0.0,4.0,4.0,4.0,0.0,4.0,4.0,4.0,4.0,0.0
LOAD_THRESHOLD,Load threshold,LOW,45,committee_recoveries,100,0.0,0.0,0.0,0.0,0.0,0.0,0.0,0.0,0.0,0.0,0.0
LOAD_THRESHOLD,Load threshold,LOW,45,reconfiguration_events,100,10.17,1.206505932706742,10.0,9.0,11.0,2.0,9.0,16.0,9.93060304761337,10.40939695238663,0.2393969523866299
LOAD_THRESHOLD,Load threshold,LOW,45,shard_load_std,100,5.61,1.8251608480383645,6.0,5.0,6.0,1.0,0.0,12.0,5.247848490595044,5.972151509404957,0.36215150940495644
LOAD_THRESHOLD,Load threshold,LOW,45,reward_gini,100,56.119799999999984,5.437222623599833,56.44,52.6175,59.072500000000005,6.455000000000005,42.21,69.75,55.040937070070385,57.19866292992958,1.0788629299295964
LOAD_THRESHOLD,Load threshold,LOW,45,reward_hhi,100,23.186200000000003,3.784565619630994,22.205,20.567500000000003,25.165,4.597499999999997,17.41,34.88,22.435260074313707,23.9371399256863,0.7509399256862971
LOAD_THRESHOLD,Load threshold,LOW,45,nakamoto_coefficient,100,2.06,0.3711842908553349,2.0,2.0,2.0,0.0,1.0,3.0,1.9863489837922261,2.1336510162077738,0.07365101620777387
LOAD_THRESHOLD,Load threshold,LOW,45,owner_concentration_pct,100,39.0598,5.670173777466318,37.980000000000004,34.61,41.34,6.730000000000004,30.28,54.08,37.93471450723106,40.18488549276895,1.1250854927689458
LOAD_THRESHOLD,Load threshold,LOW,45,quarantine_events,100,0.0,0.0,0.0,0.0,0.0,0.0,0.0,0.0,0.0,0.0,0.0
LOAD_THRESHOLD,Load threshold,LOW,45,slashing_events,100,0.0,0.0,0.0,0.0,0.0,0.0,0.0,0.0,0.0,0.0,0.0
LOAD_THRESHOLD,Load threshold,LOW,45,reward_events,100,160.0,0.0,160.0,160.0,160.0,0.0,160.0,160.0,160.0,160.0,0.0
LOAD_THRESHOLD,Load threshold,LOW,45,evidence_count,100,535.17,1.2065059327067422,535.0,534.0,536.0,2.0,534.0,541.0,534.9306030476133,535.4093969523866,0.23939695238662995
LOAD_THRESHOLD,Load threshold,LOW,45,model_time,100,49.26,0.44084400227680803,49.0,49.0,50.0,1.0,49.0,50.0,49.17252698576771,49.347473014232285,0.08747301423228437
LOAD_THRESHOLD,Load threshold,DEFAULT,55,submitted_tx,100,32.0,0.0,32.0,32.0,32.0,0.0,32.0,32.0,32.0,32.0,0.0
LOAD_THRESHOLD,Load threshold,DEFAULT,55,prepared_success_pct,100,100.0,0.0,100.0,100.0,100.0,0.0,100.0,100.0,100.0,100.0,0.0
LOAD_THRESHOLD,Load threshold,DEFAULT,55,finality_success_pct,100,100.0,0.0,100.0,100.0,100.0,0.0,100.0,100.0,100.0,100.0,0.0
LOAD_THRESHOLD,Load threshold,DEFAULT,55,receipt_success_pct,100,100.0,0.0,100.0,100.0,100.0,0.0,100.0,100.0,100.0,100.0,0.0
LOAD_THRESHOLD,Load threshold,DEFAULT,55,terminal_failure_pct,100,0.0,0.0,0.0,0.0,0.0,0.0,0.0,0.0,0.0,0.0,0.0
LOAD_THRESHOLD,Load threshold,DEFAULT,55,cross_shard_ratio_pct,100,48.28125,2.0049162272481182,46.875,46.875,50.0,3.125,43.75,53.125,47.88343112353836,48.67906887646164,0.3978188764616402
LOAD_THRESHOLD,Load threshold,DEFAULT,55,logical_throughput,100,0.6399999999999999,1.1158161231197418e-16,0.64,0.64,0.64,0.0,0.64,0.64,0.6399999999999999,0.6399999999999999,2.2140212663476286e-17
LOAD_THRESHOLD,Load threshold,DEFAULT,55,mean_finality_latency,100,24.26,0.24661854567470604,24.1875,24.0859375,24.5,0.4140625,23.65625,24.875,24.211065530109668,24.308934469890335,0.048934469890334086
LOAD_THRESHOLD,Load threshold,DEFAULT,55,mean_receipt_latency,100,40.719375,0.364217348771945,40.5625,40.4609375,41.0625,0.6015625,39.84375,41.625,40.647106376250484,40.791643623749515,0.07226862374951556
LOAD_THRESHOLD,Load threshold,DEFAULT,55,finality_receipt_gap_pp,100,0.0,0.0,0.0,0.0,0.0,0.0,0.0,0.0,0.0,0.0,0.0
LOAD_THRESHOLD,Load threshold,DEFAULT,55,eligible_validators,100,10.0,0.0,10.0,10.0,10.0,0.0,10.0,10.0,10.0,10.0,0.0
LOAD_THRESHOLD,Load threshold,DEFAULT,55,active_committees,100,4.0,0.0,4.0,4.0,4.0,0.0,4.0,4.0,4.0,4.0,0.0
LOAD_THRESHOLD,Load threshold,DEFAULT,55,committee_recoveries,100,0.0,0.0,0.0,0.0,0.0,0.0,0.0,0.0,0.0,0.0,0.0
LOAD_THRESHOLD,Load threshold,DEFAULT,55,reconfiguration_events,100,7.86,0.9746276160149525,8.0,7.0,8.0,1.0,7.0,11.0,7.666612736281888,8.053387263718113,0.19338726371811266
LOAD_THRESHOLD,Load threshold,DEFAULT,55,shard_load_std,100,9.31,1.7214921880552794,10.0,10.0,10.0,0.0,5.0,11.0,8.968418601843712,9.651581398156289,0.3415813981562878
LOAD_THRESHOLD,Load threshold,DEFAULT,55,reward_gini,100,56.992,5.195132725966109,57.254999999999995,53.99,59.56,5.57,45.14,70.0,55.96117295793967,58.02282704206033,1.0308270420603307
LOAD_THRESHOLD,Load threshold,DEFAULT,55,reward_hhi,100,24.0253,3.6330924176452646,22.83,21.3425,26.475,5.1325,19.36,33.62,23.30441564382282,24.74618435617718,0.7208843561771814
LOAD_THRESHOLD,Load threshold,DEFAULT,55,nakamoto_coefficient,100,1.96,0.24287836253956216,2.0,2.0,2.0,0.0,1.0,3.0,1.911807663587545,2.008192336412455,0.04819233641245507
LOAD_THRESHOLD,Load threshold,DEFAULT,55,owner_concentration_pct,100,40.6659,5.100534354062298,38.7,36.77,45.43,8.659999999999997,34.61,52.16,39.65384332725207,41.67795667274793,1.012056672747929
LOAD_THRESHOLD,Load threshold,DEFAULT,55,quarantine_events,100,0.0,0.0,0.0,0.0,0.0,0.0,0.0,0.0,0.0,0.0,0.0
LOAD_THRESHOLD,Load threshold,DEFAULT,55,slashing_events,100,0.0,0.0,0.0,0.0,0.0,0.0,0.0,0.0,0.0,0.0,0.0
LOAD_THRESHOLD,Load threshold,DEFAULT,55,reward_events,100,160.0,0.0,160.0,160.0,160.0,0.0,160.0,160.0,160.0,160.0,0.0
LOAD_THRESHOLD,Load threshold,DEFAULT,55,evidence_count,100,532.86,0.9746276160149527,533.0,532.0,533.0,1.0,532.0,536.0,532.6666127362819,533.0533872637182,0.1933872637181127
LOAD_THRESHOLD,Load threshold,DEFAULT,55,model_time,100,50.0,0.0,50.0,50.0,50.0,0.0,50.0,50.0,50.0,50.0,0.0
LOAD_THRESHOLD,Load threshold,HIGH,75,submitted_tx,100,32.0,0.0,32.0,32.0,32.0,0.0,32.0,32.0,32.0,32.0,0.0
LOAD_THRESHOLD,Load threshold,HIGH,75,prepared_success_pct,100,100.0,0.0,100.0,100.0,100.0,0.0,100.0,100.0,100.0,100.0,0.0
LOAD_THRESHOLD,Load threshold,HIGH,75,finality_success_pct,100,100.0,0.0,100.0,100.0,100.0,0.0,100.0,100.0,100.0,100.0,0.0
LOAD_THRESHOLD,Load threshold,HIGH,75,receipt_success_pct,100,100.0,0.0,100.0,100.0,100.0,0.0,100.0,100.0,100.0,100.0,0.0
LOAD_THRESHOLD,Load threshold,HIGH,75,terminal_failure_pct,100,0.0,0.0,0.0,0.0,0.0,0.0,0.0,0.0,0.0,0.0,0.0
LOAD_THRESHOLD,Load threshold,HIGH,75,cross_shard_ratio_pct,100,53.1875,2.843370146125683,53.125,50.0,56.25,6.25,46.875,59.375,52.623313675642265,53.751686324357735,0.5641863243577329
LOAD_THRESHOLD,Load threshold,HIGH,75,logical_throughput,100,0.5855176470588234,0.06033248473746917,0.6274509803921569,0.5,0.6274509803921569,0.12745098039215685,0.5,0.64,0.5735463731640819,0.5974889209535649,0.011971273894741513
LOAD_THRESHOLD,Load threshold,HIGH,75,mean_finality_latency,100,25.541875,0.35534063451905423,25.5625,25.15625,25.8828125,0.7265625,24.5625,26.25,25.471367708939983,25.61238229106002,0.0705072910600181
LOAD_THRESHOLD,Load threshold,HIGH,75,mean_receipt_latency,100,42.295625,0.5244837980521342,42.3125,41.71875,42.8203125,1.1015625,40.9375,43.375,42.19155603570725,42.39969396429275,0.10406896429274719
LOAD_THRESHOLD,Load threshold,HIGH,75,finality_receipt_gap_pp,100,0.0,0.0,0.0,0.0,0.0,0.0,0.0,0.0,0.0,0.0,0.0
LOAD_THRESHOLD,Load threshold,HIGH,75,eligible_validators,100,10.0,0.0,10.0,10.0,10.0,0.0,10.0,10.0,10.0,10.0,0.0
LOAD_THRESHOLD,Load threshold,HIGH,75,active_committees,100,4.0,0.0,4.0,4.0,4.0,0.0,4.0,4.0,4.0,4.0,0.0
LOAD_THRESHOLD,Load threshold,HIGH,75,committee_recoveries,100,0.0,0.0,0.0,0.0,0.0,0.0,0.0,0.0,0.0,0.0,0.0
LOAD_THRESHOLD,Load threshold,HIGH,75,reconfiguration_events,100,4.15,0.38599209705627263,4.0,4.0,4.0,0.0,4.0,6.0,4.073410793784256,4.226589206215745,0.07658920621574458
LOAD_THRESHOLD,Load threshold,HIGH,75,shard_load_std,100,14.02,0.19999999999999998,14.0,14.0,14.0,0.0,13.0,15.0,13.980315660968271,14.059684339031728,0.03968433903172834
LOAD_THRESHOLD,Load threshold,HIGH,75,reward_gini,100,54.8028,5.387119895424341,54.489999999999995,51.52,58.6,7.079999999999998,41.77,66.49,53.733878538327055,55.87172146167294,1.0689214616729426
LOAD_THRESHOLD,Load threshold,HIGH,75,reward_hhi,100,22.279300000000003,3.3959810635276493,21.134999999999998,19.807499999999997,25.33,5.522500000000001,16.63,30.72,21.6054636806482,22.953136319351806,0.6738363193518032
LOAD_THRESHOLD,Load threshold,HIGH,75,nakamoto_coefficient,100,2.23,0.4229525846816507,2.0,2.0,2.0,0.0,2.0,3.0,2.146077031175738,2.313922968824262,0.0839229688242621
LOAD_THRESHOLD,Load threshold,HIGH,75,owner_concentration_pct,100,37.447599999999994,5.5293123615798,35.33,32.69,41.64,8.950000000000003,30.28,49.75,36.350464468153696,38.54473553184629,1.0971355318462965
LOAD_THRESHOLD,Load threshold,HIGH,75,quarantine_events,100,0.0,0.0,0.0,0.0,0.0,0.0,0.0,0.0,0.0,0.0,0.0
LOAD_THRESHOLD,Load threshold,HIGH,75,slashing_events,100,0.0,0.0,0.0,0.0,0.0,0.0,0.0,0.0,0.0,0.0,0.0
LOAD_THRESHOLD,Load threshold,HIGH,75,reward_events,100,160.0,0.0,160.0,160.0,160.0,0.0,160.0,160.0,160.0,160.0,0.0
LOAD_THRESHOLD,Load threshold,HIGH,75,evidence_count,100,529.15,0.38599209705627263,529.0,529.0,529.0,0.0,529.0,531.0,529.0734107937842,529.2265892062157,0.07658920621574458
LOAD_THRESHOLD,Load threshold,HIGH,75,model_time,100,55.28,6.151422599691879,51.0,51.0,64.0,13.0,50.0,64.0,54.05942430013196,56.500575699868044,1.2205756998680415
