experiment_id,factor_id,level_id,configuration,scenario_id,run_id,base_seed,model_time,stop_code,submitted_tx,prepared_tx,routed_tx,cross_shard_tx,shard_blocks,eligible_validators,active_committees,committee_recoveries,finality_certificates,root_commitments,receipts,terminal_failures,reward_events,quarantine_events,slashing_events,reconfiguration_events,evidence_count,finality_latency_sum,finality_latency_n,receipt_latency_sum,receipt_latency_n,reward_gini_bp,reward_hhi_bp,nakamoto_coefficient,owner_concentration_bp,shard_load_std_bp
OFAT,WORKLOAD,LOW,baseSeed=626|nTx=16|nValidators=10|nShards=4|committee=3|quorum=2|loadThreshold=75|maxTime=180|crossShardPct=0|requestOfflinePct=0|receiptDropPct=0|ownerCap=3000|mobileThreshold=35,1,1,626,48,COMPLETE,16,16,16,2,16,10,4,0,16,16,16,0,80,0,0,0,269,300,16,526,16,6173,2629,2,4326,200
OFAT,WORKLOAD,LOW,baseSeed=626|nTx=16|nValidators=10|nShards=4|committee=3|quorum=2|loadThreshold=75|maxTime=180|crossShardPct=0|requestOfflinePct=0|receiptDropPct=0|ownerCap=3000|mobileThreshold=35,1,2,626,48,COMPLETE,16,16,16,2,16,10,4,0,16,16,16,0,80,0,0,0,269,300,16,526,16,5298,1939,2,2644,200
OFAT,WORKLOAD,LOW,baseSeed=626|nTx=16|nValidators=10|nShards=4|committee=3|quorum=2|loadThreshold=75|maxTime=180|crossShardPct=0|requestOfflinePct=0|receiptDropPct=0|ownerCap=3000|mobileThreshold=35,1,3,626,47,COMPLETE,16,16,16,1,16,10,4,0,16,16,16,0,80,0,0,0,269,288,16,508,16,6019,2398,2,3846,300
OFAT,WORKLOAD,DEFAULT,baseSeed=626|nTx=24|nValidators=10|nShards=4|committee=3|quorum=2|loadThreshold=75|maxTime=180|crossShardPct=0|requestOfflinePct=0|receiptDropPct=0|ownerCap=3000|mobileThreshold=35,1,1,626,50,COMPLETE,24,24,24,3,24,10,4,0,24,24,24,0,120,0,0,0,397,466,24,808,24,5826,2339,2,3750,300
OFAT,WORKLOAD,DEFAULT,baseSeed=626|nTx=24|nValidators=10|nShards=4|committee=3|quorum=2|loadThreshold=75|maxTime=180|crossShardPct=0|requestOfflinePct=0|receiptDropPct=0|ownerCap=3000|mobileThreshold=35,1,2,626,48,COMPLETE,24,24,24,2,24,10,4,0,24,24,24,0,120,0,0,0,397,454,24,790,24,5044,1810,3,2403,300
OFAT,WORKLOAD,DEFAULT,baseSeed=626|nTx=24|nValidators=10|nShards=4|committee=3|quorum=2|loadThreshold=75|maxTime=180|crossShardPct=0|requestOfflinePct=0|receiptDropPct=0|ownerCap=3000|mobileThreshold=35,1,3,626,47,COMPLETE,24,24,24,1,24,10,4,0,24,24,24,0,120,0,0,0,397,440,24,770,24,6000,2388,2,3846,300
OFAT,WORKLOAD,HIGH,baseSeed=626|nTx=40|nValidators=10|nShards=4|committee=3|quorum=2|loadThreshold=75|maxTime=180|crossShardPct=0|requestOfflinePct=0|receiptDropPct=0|ownerCap=3000|mobileThreshold=35,1,1,626,62,COMPLETE,40,40,40,11,40,10,4,0,40,40,40,0,200,0,0,6,659,888,40,1498,40,5865,2383,2,3807,800
OFAT,WORKLOAD,HIGH,baseSeed=626|nTx=40|nValidators=10|nShards=4|committee=3|quorum=2|loadThreshold=75|maxTime=180|crossShardPct=0|requestOfflinePct=0|receiptDropPct=0|ownerCap=3000|mobileThreshold=35,1,2,626,63,COMPLETE,40,40,40,8,40,10,4,0,40,40,40,0,200,0,0,5,658,850,40,1442,40,5219,1894,3,2846,1500
OFAT,WORKLOAD,HIGH,baseSeed=626|nTx=40|nValidators=10|nShards=4|committee=3|quorum=2|loadThreshold=75|maxTime=180|crossShardPct=0|requestOfflinePct=0|receiptDropPct=0|ownerCap=3000|mobileThreshold=35,1,3,626,63,COMPLETE,40,40,40,6,40,10,4,0,40,40,40,0,200,0,0,6,659,828,40,1408,40,5984,2362,2,3750,1000
OFAT,CROSS_SHARD_PCT,LOW,baseSeed=626|nTx=28|nValidators=10|nShards=4|committee=3|quorum=2|loadThreshold=75|maxTime=180|crossShardPct=20|requestOfflinePct=0|receiptDropPct=0|ownerCap=3000|mobileThreshold=35,3,1,626,62,COMPLETE,28,28,28,9,28,10,4,0,28,28,28,0,140,0,0,0,461,625,28,1061,28,5802,2320,2,3708,300
OFAT,CROSS_SHARD_PCT,LOW,baseSeed=626|nTx=28|nValidators=10|nShards=4|committee=3|quorum=2|loadThreshold=75|maxTime=180|crossShardPct=20|requestOfflinePct=0|receiptDropPct=0|ownerCap=3000|mobileThreshold=35,3,2,626,51,COMPLETE,28,28,28,7,28,10,4,0,28,28,28,0,140,0,0,0,461,602,28,1026,28,5032,1802,3,2417,200
OFAT,CROSS_SHARD_PCT,LOW,baseSeed=626|nTx=28|nValidators=10|nShards=4|committee=3|quorum=2|loadThreshold=75|maxTime=180|crossShardPct=20|requestOfflinePct=0|receiptDropPct=0|ownerCap=3000|mobileThreshold=35,3,3,626,63,COMPLETE,28,28,28,8,28,10,4,0,28,28,28,0,140,0,0,1,462,613,28,1043,28,5994,2385,2,3846,800
OFAT,CROSS_SHARD_PCT,DEFAULT,baseSeed=626|nTx=28|nValidators=10|nShards=4|committee=3|quorum=2|loadThreshold=75|maxTime=180|crossShardPct=60|requestOfflinePct=0|receiptDropPct=0|ownerCap=3000|mobileThreshold=35,3,1,626,63,COMPLETE,28,28,28,18,28,10,4,0,28,28,28,0,140,0,0,0,461,744,28,1234,28,5802,2320,2,3708,300
OFAT,CROSS_SHARD_PCT,DEFAULT,baseSeed=626|nTx=28|nValidators=10|nShards=4|committee=3|quorum=2|loadThreshold=75|maxTime=180|crossShardPct=60|requestOfflinePct=0|receiptDropPct=0|ownerCap=3000|mobileThreshold=35,3,2,626,63,COMPLETE,28,28,28,18,28,10,4,0,28,28,28,0,140,0,0,0,461,745,28,1235,28,4961,1783,3,2362,300
OFAT,CROSS_SHARD_PCT,DEFAULT,baseSeed=626|nTx=28|nValidators=10|nShards=4|committee=3|quorum=2|loadThreshold=75|maxTime=180|crossShardPct=60|requestOfflinePct=0|receiptDropPct=0|ownerCap=3000|mobileThreshold=35,3,3,626,63,COMPLETE,28,28,28,18,28,10,4,0,28,28,28,0,140,0,0,0,461,745,28,1235,28,5994,2385,2,3846,300
OFAT,CROSS_SHARD_PCT,HIGH,baseSeed=626|nTx=28|nValidators=10|nShards=4|committee=3|quorum=2|loadThreshold=75|maxTime=180|crossShardPct=80|requestOfflinePct=0|receiptDropPct=0|ownerCap=3000|mobileThreshold=35,3,1,626,64,COMPLETE,28,28,28,24,28,10,4,0,28,28,28,0,140,0,0,1,462,825,28,1351,28,5851,2360,2,3708,500
OFAT,CROSS_SHARD_PCT,HIGH,baseSeed=626|nTx=28|nValidators=10|nShards=4|committee=3|quorum=2|loadThreshold=75|maxTime=180|crossShardPct=80|requestOfflinePct=0|receiptDropPct=0|ownerCap=3000|mobileThreshold=35,3,2,626,64,COMPLETE,28,28,28,24,28,10,4,0,28,28,28,0,140,0,0,0,461,824,28,1350,28,4901,1764,3,2362,300
OFAT,CROSS_SHARD_PCT,HIGH,baseSeed=626|nTx=28|nValidators=10|nShards=4|committee=3|quorum=2|loadThreshold=75|maxTime=180|crossShardPct=80|requestOfflinePct=0|receiptDropPct=0|ownerCap=3000|mobileThreshold=35,3,3,626,64,COMPLETE,28,28,28,23,28,10,4,0,28,28,28,0,140,0,0,0,461,811,28,1331,28,6087,2489,2,4093,300
OFAT,REQUEST_OFFLINE_PCT,LOW,baseSeed=626|nTx=24|nValidators=10|nShards=4|committee=3|quorum=2|loadThreshold=75|maxTime=240|crossShardPct=0|requestOfflinePct=10|receiptDropPct=29|ownerCap=3000|mobileThreshold=35,4,1,626,62,COMPLETE,24,20,20,2,20,10,4,0,20,20,12,12,92,0,0,0,329,526,20,544,12,5737,2271,2,3647,300
OFAT,REQUEST_OFFLINE_PCT,LOW,baseSeed=626|nTx=24|nValidators=10|nShards=4|committee=3|quorum=2|loadThreshold=75|maxTime=240|crossShardPct=0|requestOfflinePct=10|receiptDropPct=29|ownerCap=3000|mobileThreshold=35,4,2,626,63,COMPLETE,24,19,19,3,19,10,4,0,19,19,14,10,90,0,0,0,317,513,19,655,14,5050,1817,3,2531,200
OFAT,REQUEST_OFFLINE_PCT,LOW,baseSeed=626|nTx=24|nValidators=10|nShards=4|committee=3|quorum=2|loadThreshold=75|maxTime=240|crossShardPct=0|requestOfflinePct=10|receiptDropPct=29|ownerCap=3000|mobileThreshold=35,4,3,626,62,COMPLETE,24,20,20,1,20,10,4,0,20,20,13,11,93,0,0,0,330,516,20,573,13,6186,2551,2,4186,300
OFAT,REQUEST_OFFLINE_PCT,DEFAULT,baseSeed=626|nTx=24|nValidators=10|nShards=4|committee=3|quorum=2|loadThreshold=75|maxTime=240|crossShardPct=0|requestOfflinePct=20|receiptDropPct=29|ownerCap=3000|mobileThreshold=35,4,1,626,63,COMPLETE,24,17,17,4,17,10,4,0,17,17,10,14,78,0,0,0,285,475,17,497,10,5985,2481,2,3961,300
OFAT,REQUEST_OFFLINE_PCT,DEFAULT,baseSeed=626|nTx=24|nValidators=10|nShards=4|committee=3|quorum=2|loadThreshold=75|maxTime=240|crossShardPct=0|requestOfflinePct=20|receiptDropPct=29|ownerCap=3000|mobileThreshold=35,4,2,626,63,COMPLETE,24,17,17,3,17,10,4,0,17,17,12,12,80,0,0,0,287,461,17,561,12,5331,1955,2,2938,100
OFAT,REQUEST_OFFLINE_PCT,DEFAULT,baseSeed=626|nTx=24|nValidators=10|nShards=4|committee=3|quorum=2|loadThreshold=75|maxTime=240|crossShardPct=0|requestOfflinePct=20|receiptDropPct=29|ownerCap=3000|mobileThreshold=35,4,3,626,62,COMPLETE,24,17,17,2,17,10,4,0,17,17,12,12,80,0,0,0,287,448,17,546,12,6165,2528,2,4123,200
OFAT,REQUEST_OFFLINE_PCT,HIGH,baseSeed=626|nTx=24|nValidators=10|nShards=4|committee=3|quorum=2|loadThreshold=75|maxTime=240|crossShardPct=0|requestOfflinePct=30|receiptDropPct=29|ownerCap=3000|mobileThreshold=35,4,1,626,63,COMPLETE,24,15,15,2,15,10,4,0,15,15,9,15,69,0,0,0,256,397,15,433,9,5983,2470,2,4098,200
OFAT,REQUEST_OFFLINE_PCT,HIGH,baseSeed=626|nTx=24|nValidators=10|nShards=4|committee=3|quorum=2|loadThreshold=75|maxTime=240|crossShardPct=0|requestOfflinePct=30|receiptDropPct=29|ownerCap=3000|mobileThreshold=35,4,2,626,61,COMPLETE,24,15,15,1,15,10,4,0,15,15,10,14,70,0,0,0,257,384,15,458,10,4816,1739,3,2540,400
OFAT,REQUEST_OFFLINE_PCT,HIGH,baseSeed=626|nTx=24|nValidators=10|nShards=4|committee=3|quorum=2|loadThreshold=75|maxTime=240|crossShardPct=0|requestOfflinePct=30|receiptDropPct=29|ownerCap=3000|mobileThreshold=35,4,3,626,63,COMPLETE,24,14,14,3,14,10,4,0,14,14,10,14,66,0,0,0,243,383,14,457,10,5781,2223,2,3333,300
OFAT,RECEIPT_DROP_PCT,LOW,baseSeed=626|nTx=24|nValidators=10|nShards=4|committee=3|quorum=2|loadThreshold=75|maxTime=240|crossShardPct=0|requestOfflinePct=20|receiptDropPct=10|ownerCap=3000|mobileThreshold=35,4,1,626,63,COMPLETE,24,17,17,3,17,10,4,0,17,17,15,9,83,0,0,0,290,461,17,714,15,5737,2292,2,3640,300
OFAT,RECEIPT_DROP_PCT,LOW,baseSeed=626|nTx=24|nValidators=10|nShards=4|committee=3|quorum=2|loadThreshold=75|maxTime=240|crossShardPct=0|requestOfflinePct=20|receiptDropPct=10|ownerCap=3000|mobileThreshold=35,4,2,626,62,COMPLETE,24,17,17,2,17,10,4,0,17,17,15,9,83,0,0,0,290,448,17,694,15,5304,1937,2,2857,100
OFAT,RECEIPT_DROP_PCT,LOW,baseSeed=626|nTx=24|nValidators=10|nShards=4|committee=3|quorum=2|loadThreshold=75|maxTime=240|crossShardPct=0|requestOfflinePct=20|receiptDropPct=10|ownerCap=3000|mobileThreshold=35,4,3,626,62,COMPLETE,24,17,17,3,17,10,4,0,17,17,15,9,83,0,0,0,290,461,17,714,15,6152,2513,2,4101,300
OFAT,RECEIPT_DROP_PCT,DEFAULT,baseSeed=626|nTx=24|nValidators=10|nShards=4|committee=3|quorum=2|loadThreshold=75|maxTime=240|crossShardPct=0|requestOfflinePct=20|receiptDropPct=29|ownerCap=3000|mobileThreshold=35,4,1,626,63,COMPLETE,24,17,17,3,17,10,4,0,17,17,10,14,78,0,0,0,285,461,17,475,10,5917,2415,2,3961,200
OFAT,RECEIPT_DROP_PCT,DEFAULT,baseSeed=626|nTx=24|nValidators=10|nShards=4|committee=3|quorum=2|loadThreshold=75|maxTime=240|crossShardPct=0|requestOfflinePct=20|receiptDropPct=29|ownerCap=3000|mobileThreshold=35,4,2,626,62,COMPLETE,24,17,17,1,17,10,4,0,17,17,12,12,80,0,0,0,287,436,17,543,12,4943,1778,3,2417,400
OFAT,RECEIPT_DROP_PCT,DEFAULT,baseSeed=626|nTx=24|nValidators=10|nShards=4|committee=3|quorum=2|loadThreshold=75|maxTime=240|crossShardPct=0|requestOfflinePct=20|receiptDropPct=29|ownerCap=3000|mobileThreshold=35,4,3,626,63,COMPLETE,24,17,17,5,17,10,4,0,17,17,12,12,80,0,0,0,287,487,17,600,12,6109,2470,2,4028,300
OFAT,RECEIPT_DROP_PCT,HIGH,baseSeed=626|nTx=24|nValidators=10|nShards=4|committee=3|quorum=2|loadThreshold=75|maxTime=240|crossShardPct=0|requestOfflinePct=20|receiptDropPct=40|ownerCap=3000|mobileThreshold=35,4,1,626,62,COMPLETE,24,17,17,2,17,10,4,0,17,17,8,16,76,0,0,0,283,448,17,386,8,5985,2508,2,4039,300
OFAT,RECEIPT_DROP_PCT,HIGH,baseSeed=626|nTx=24|nValidators=10|nShards=4|committee=3|quorum=2|loadThreshold=75|maxTime=240|crossShardPct=0|requestOfflinePct=20|receiptDropPct=40|ownerCap=3000|mobileThreshold=35,4,2,626,63,COMPLETE,24,17,17,3,17,10,4,0,17,17,10,14,78,0,0,0,285,461,17,492,10,4990,1794,3,2705,200
OFAT,RECEIPT_DROP_PCT,HIGH,baseSeed=626|nTx=24|nValidators=10|nShards=4|committee=3|quorum=2|loadThreshold=75|maxTime=240|crossShardPct=0|requestOfflinePct=20|receiptDropPct=40|ownerCap=3000|mobileThreshold=35,4,3,626,45,COMPLETE,24,17,17,0,17,10,4,0,17,17,9,15,77,0,0,0,284,423,17,392,9,5839,2282,2,3707,400
OFAT,OWNER_CAP,LOW,baseSeed=626|nTx=24|nValidators=10|nShards=4|committee=3|quorum=2|loadThreshold=75|maxTime=180|crossShardPct=0|requestOfflinePct=0|receiptDropPct=0|ownerCap=1500|mobileThreshold=35,5,1,626,50,COMPLETE,24,24,24,2,24,10,4,0,24,24,24,0,120,0,0,0,397,454,24,790,24,5012,1818,3,2467,200
OFAT,OWNER_CAP,LOW,baseSeed=626|nTx=24|nValidators=10|nShards=4|committee=3|quorum=2|loadThreshold=75|maxTime=180|crossShardPct=0|requestOfflinePct=0|receiptDropPct=0|ownerCap=1500|mobileThreshold=35,5,2,626,48,COMPLETE,24,24,24,1,24,10,4,0,24,24,24,0,120,0,0,0,397,441,24,771,24,4647,1732,3,4326,300
OFAT,OWNER_CAP,LOW,baseSeed=626|nTx=24|nValidators=10|nShards=4|committee=3|quorum=2|loadThreshold=75|maxTime=180|crossShardPct=0|requestOfflinePct=0|receiptDropPct=0|ownerCap=1500|mobileThreshold=35,5,3,626,50,COMPLETE,24,24,24,3,24,10,4,0,24,24,24,0,120,0,0,1,398,466,24,808,24,4365,1648,3,2403,600
OFAT,OWNER_CAP,DEFAULT,baseSeed=626|nTx=24|nValidators=10|nShards=4|committee=3|quorum=2|loadThreshold=75|maxTime=180|crossShardPct=0|requestOfflinePct=0|receiptDropPct=0|ownerCap=3000|mobileThreshold=35,5,1,626,49,COMPLETE,24,24,24,3,24,10,4,0,24,24,24,0,120,0,0,0,397,467,24,809,24,4897,1783,3,4679,300
OFAT,OWNER_CAP,DEFAULT,baseSeed=626|nTx=24|nValidators=10|nShards=4|committee=3|quorum=2|loadThreshold=75|maxTime=180|crossShardPct=0|requestOfflinePct=0|receiptDropPct=0|ownerCap=3000|mobileThreshold=35,5,2,626,48,COMPLETE,24,24,24,1,24,10,4,0,24,24,24,0,120,0,0,0,397,442,24,772,24,4730,1732,3,6282,300
OFAT,OWNER_CAP,DEFAULT,baseSeed=626|nTx=24|nValidators=10|nShards=4|committee=3|quorum=2|loadThreshold=75|maxTime=180|crossShardPct=0|requestOfflinePct=0|receiptDropPct=0|ownerCap=3000|mobileThreshold=35,5,3,626,62,COMPLETE,24,24,24,4,24,10,4,0,24,24,24,0,120,0,0,0,397,480,24,828,24,4243,1659,3,2660,200
OFAT,OWNER_CAP,HIGH,baseSeed=626|nTx=24|nValidators=10|nShards=4|committee=3|quorum=2|loadThreshold=75|maxTime=180|crossShardPct=0|requestOfflinePct=0|receiptDropPct=0|ownerCap=6000|mobileThreshold=35,5,1,626,49,COMPLETE,24,24,24,2,24,10,4,0,24,24,24,0,120,0,0,0,397,453,24,789,24,4730,1734,3,3589,200
OFAT,OWNER_CAP,HIGH,baseSeed=626|nTx=24|nValidators=10|nShards=4|committee=3|quorum=2|loadThreshold=75|maxTime=180|crossShardPct=0|requestOfflinePct=0|receiptDropPct=0|ownerCap=6000|mobileThreshold=35,5,2,626,50,COMPLETE,24,24,24,3,24,10,4,0,24,24,24,0,120,0,0,0,397,467,24,809,24,4673,1731,3,4326,300
OFAT,OWNER_CAP,HIGH,baseSeed=626|nTx=24|nValidators=10|nShards=4|committee=3|quorum=2|loadThreshold=75|maxTime=180|crossShardPct=0|requestOfflinePct=0|receiptDropPct=0|ownerCap=6000|mobileThreshold=35,5,3,626,50,COMPLETE,24,24,24,5,24,10,4,0,24,24,24,0,120,0,0,0,397,492,24,846,24,4057,1614,3,2596,300
OFAT,MOBILE_THRESHOLD,LOW,baseSeed=626|nTx=24|nValidators=10|nShards=4|committee=4|quorum=3|loadThreshold=75|maxTime=180|crossShardPct=0|requestOfflinePct=0|receiptDropPct=0|ownerCap=3000|mobileThreshold=25,6,1,626,50,COMPLETE,24,24,24,4,24,6,4,1,24,24,24,0,137,2,2,0,447,480,24,828,24,6236,2405,2,4161,200
OFAT,MOBILE_THRESHOLD,LOW,baseSeed=626|nTx=24|nValidators=10|nShards=4|committee=4|quorum=3|loadThreshold=75|maxTime=180|crossShardPct=0|requestOfflinePct=0|receiptDropPct=0|ownerCap=3000|mobileThreshold=25,6,2,626,62,COMPLETE,24,24,24,3,24,6,4,1,24,24,24,0,137,2,2,0,447,465,24,807,24,5872,2422,2,4104,200
OFAT,MOBILE_THRESHOLD,LOW,baseSeed=626|nTx=24|nValidators=10|nShards=4|committee=4|quorum=3|loadThreshold=75|maxTime=180|crossShardPct=0|requestOfflinePct=0|receiptDropPct=0|ownerCap=3000|mobileThreshold=25,6,3,626,49,COMPLETE,24,24,24,1,24,6,4,2,24,24,24,0,137,2,2,0,447,440,24,770,24,5878,2197,2,2803,300
OFAT,MOBILE_THRESHOLD,DEFAULT,baseSeed=626|nTx=24|nValidators=10|nShards=4|committee=4|quorum=3|loadThreshold=75|maxTime=180|crossShardPct=0|requestOfflinePct=0|receiptDropPct=0|ownerCap=3000|mobileThreshold=35,6,1,626,62,COMPLETE,24,24,24,4,24,6,4,1,24,24,24,0,137,2,2,0,447,481,24,829,24,6236,2405,2,4161,200
OFAT,MOBILE_THRESHOLD,DEFAULT,baseSeed=626|nTx=24|nValidators=10|nShards=4|committee=4|quorum=3|loadThreshold=75|maxTime=180|crossShardPct=0|requestOfflinePct=0|receiptDropPct=0|ownerCap=3000|mobileThreshold=35,6,2,626,50,COMPLETE,24,24,24,4,24,6,4,1,24,24,24,0,135,2,2,0,447,478,24,826,24,5900,2361,2,3947,300
OFAT,MOBILE_THRESHOLD,DEFAULT,baseSeed=626|nTx=24|nValidators=10|nShards=4|committee=4|quorum=3|loadThreshold=75|maxTime=180|crossShardPct=0|requestOfflinePct=0|receiptDropPct=0|ownerCap=3000|mobileThreshold=35,6,3,626,62,COMPLETE,24,24,24,4,24,6,4,2,24,24,24,0,137,2,2,0,447,480,24,828,24,5947,2229,2,2947,200
OFAT,MOBILE_THRESHOLD,HIGH,baseSeed=626|nTx=24|nValidators=10|nShards=4|committee=4|quorum=3|loadThreshold=75|maxTime=180|crossShardPct=0|requestOfflinePct=0|receiptDropPct=0|ownerCap=3000|mobileThreshold=65,6,1,626,49,COMPLETE,24,24,24,3,24,3,4,4,18,18,18,6,90,2,2,0,357,336,18,582,18,7777,4101,1,5427,200
OFAT,MOBILE_THRESHOLD,HIGH,baseSeed=626|nTx=24|nValidators=10|nShards=4|committee=4|quorum=3|loadThreshold=75|maxTime=180|crossShardPct=0|requestOfflinePct=0|receiptDropPct=0|ownerCap=3000|mobileThreshold=65,6,2,626,49,COMPLETE,24,24,24,5,24,3,4,4,18,18,18,6,90,2,2,0,357,357,18,615,18,7837,4262,1,5726,200
OFAT,MOBILE_THRESHOLD,HIGH,baseSeed=626|nTx=24|nValidators=10|nShards=4|committee=4|quorum=3|loadThreshold=75|maxTime=180|crossShardPct=0|requestOfflinePct=0|receiptDropPct=0|ownerCap=3000|mobileThreshold=65,6,3,626,49,COMPLETE,24,24,24,4,24,3,4,4,18,18,18,6,90,2,2,0,357,349,18,601,18,7538,3814,2,4230,300
OFAT,COMMITTEE_QUORUM,LOW,baseSeed=626|nTx=24|nValidators=10|nShards=4|committee=3|quorum=2|loadThreshold=75|maxTime=180|crossShardPct=0|requestOfflinePct=0|receiptDropPct=0|ownerCap=3000|mobileThreshold=35,6,1,626,47,COMPLETE,24,24,24,1,24,6,4,1,24,24,24,0,114,2,2,0,399,439,24,769,24,6813,2848,2,4233,300
OFAT,COMMITTEE_QUORUM,LOW,baseSeed=626|nTx=24|nValidators=10|nShards=4|committee=3|quorum=2|loadThreshold=75|maxTime=180|crossShardPct=0|requestOfflinePct=0|receiptDropPct=0|ownerCap=3000|mobileThreshold=35,6,2,626,50,COMPLETE,24,24,24,3,24,6,4,1,24,24,24,0,115,2,2,0,399,467,24,809,24,6668,2858,2,4470,300
OFAT,COMMITTEE_QUORUM,LOW,baseSeed=626|nTx=24|nValidators=10|nShards=4|committee=3|quorum=2|loadThreshold=75|maxTime=180|crossShardPct=0|requestOfflinePct=0|receiptDropPct=0|ownerCap=3000|mobileThreshold=35,6,3,626,50,COMPLETE,24,24,24,3,24,6,4,1,24,24,24,0,115,2,2,0,399,466,24,808,24,6688,2767,2,3509,300
OFAT,COMMITTEE_QUORUM,DEFAULT,baseSeed=626|nTx=24|nValidators=10|nShards=4|committee=4|quorum=3|loadThreshold=75|maxTime=180|crossShardPct=0|requestOfflinePct=0|receiptDropPct=0|ownerCap=3000|mobileThreshold=35,6,1,626,62,COMPLETE,24,24,24,3,24,6,4,1,24,24,24,0,137,2,2,0,447,465,24,807,24,6236,2405,2,4161,200
OFAT,COMMITTEE_QUORUM,DEFAULT,baseSeed=626|nTx=24|nValidators=10|nShards=4|committee=4|quorum=3|loadThreshold=75|maxTime=180|crossShardPct=0|requestOfflinePct=0|receiptDropPct=0|ownerCap=3000|mobileThreshold=35,6,2,626,49,COMPLETE,24,24,24,2,24,6,4,1,24,24,24,0,136,2,2,0,447,455,24,791,24,5965,2456,2,4127,200
OFAT,COMMITTEE_QUORUM,DEFAULT,baseSeed=626|nTx=24|nValidators=10|nShards=4|committee=4|quorum=3|loadThreshold=75|maxTime=180|crossShardPct=0|requestOfflinePct=0|receiptDropPct=0|ownerCap=3000|mobileThreshold=35,6,3,626,49,COMPLETE,24,24,24,3,24,6,4,2,24,24,24,0,137,2,2,0,447,468,24,810,24,5786,2167,2,2947,200
OFAT,COMMITTEE_QUORUM,HIGH,baseSeed=626|nTx=24|nValidators=10|nShards=4|committee=5|quorum=4|loadThreshold=75|maxTime=180|crossShardPct=0|requestOfflinePct=0|receiptDropPct=0|ownerCap=3000|mobileThreshold=35,6,1,626,50,COMPLETE,24,24,24,4,24,6,4,2,24,24,24,0,158,2,2,0,495,478,24,826,24,5762,2141,2,4407,300
OFAT,COMMITTEE_QUORUM,HIGH,baseSeed=626|nTx=24|nValidators=10|nShards=4|committee=5|quorum=4|loadThreshold=75|maxTime=180|crossShardPct=0|requestOfflinePct=0|receiptDropPct=0|ownerCap=3000|mobileThreshold=35,6,2,626,50,COMPLETE,24,24,24,3,24,6,4,2,24,24,24,0,158,2,2,0,495,466,24,808,24,5530,2110,2,3479,300
OFAT,COMMITTEE_QUORUM,HIGH,baseSeed=626|nTx=24|nValidators=10|nShards=4|committee=5|quorum=4|loadThreshold=75|maxTime=180|crossShardPct=0|requestOfflinePct=0|receiptDropPct=0|ownerCap=3000|mobileThreshold=35,6,3,626,62,COMPLETE,24,24,24,5,24,6,4,2,24,24,24,0,158,2,2,0,495,493,24,847,24,5685,2104,2,3170,400
OFAT,LOAD_THRESHOLD,LOW,baseSeed=626|nTx=32|nValidators=10|nShards=4|committee=3|quorum=2|loadThreshold=45|maxTime=180|crossShardPct=0|requestOfflinePct=0|receiptDropPct=0|ownerCap=3000|mobileThreshold=35,7,1,626,50,COMPLETE,32,32,32,16,32,10,4,0,32,32,32,0,160,0,0,12,537,773,32,1303,32,6572,3092,2,4975,500
OFAT,LOAD_THRESHOLD,LOW,baseSeed=626|nTx=32|nValidators=10|nShards=4|committee=3|quorum=2|loadThreshold=45|maxTime=180|crossShardPct=0|requestOfflinePct=0|receiptDropPct=0|ownerCap=3000|mobileThreshold=35,7,2,626,49,COMPLETE,32,32,32,16,32,10,4,0,32,32,32,0,160,0,0,10,535,772,32,1302,32,5495,2184,2,3798,600
OFAT,LOAD_THRESHOLD,LOW,baseSeed=626|nTx=32|nValidators=10|nShards=4|committee=3|quorum=2|loadThreshold=45|maxTime=180|crossShardPct=0|requestOfflinePct=0|receiptDropPct=0|ownerCap=3000|mobileThreshold=35,7,3,626,49,COMPLETE,32,32,32,15,32,10,4,0,32,32,32,0,160,0,0,10,535,761,32,1285,32,6639,3120,2,5000,500
OFAT,LOAD_THRESHOLD,DEFAULT,baseSeed=626|nTx=32|nValidators=10|nShards=4|committee=3|quorum=2|loadThreshold=55|maxTime=180|crossShardPct=0|requestOfflinePct=0|receiptDropPct=0|ownerCap=3000|mobileThreshold=35,7,1,626,50,COMPLETE,32,32,32,14,32,10,4,0,32,32,32,0,160,0,0,8,533,760,32,1278,32,6668,3165,2,4975,1100
OFAT,LOAD_THRESHOLD,DEFAULT,baseSeed=626|nTx=32|nValidators=10|nShards=4|committee=3|quorum=2|loadThreshold=55|maxTime=180|crossShardPct=0|requestOfflinePct=0|receiptDropPct=0|ownerCap=3000|mobileThreshold=35,7,2,626,50,COMPLETE,32,32,32,15,32,10,4,0,32,32,32,0,160,0,0,10,535,773,32,1297,32,5490,2250,2,3966,600
OFAT,LOAD_THRESHOLD,DEFAULT,baseSeed=626|nTx=32|nValidators=10|nShards=4|committee=3|quorum=2|loadThreshold=55|maxTime=180|crossShardPct=0|requestOfflinePct=0|receiptDropPct=0|ownerCap=3000|mobileThreshold=35,7,3,626,50,COMPLETE,32,32,32,16,32,10,4,0,32,32,32,0,160,0,0,7,532,780,32,1310,32,6576,3015,2,4879,1000
OFAT,LOAD_THRESHOLD,HIGH,baseSeed=626|nTx=32|nValidators=10|nShards=4|committee=3|quorum=2|loadThreshold=75|maxTime=180|crossShardPct=0|requestOfflinePct=0|receiptDropPct=0|ownerCap=3000|mobileThreshold=35,7,1,626,64,COMPLETE,32,32,32,17,32,10,4,0,32,32,32,0,160,0,0,5,530,819,32,1355,32,6312,2795,2,4543,1400
OFAT,LOAD_THRESHOLD,HIGH,baseSeed=626|nTx=32|nValidators=10|nShards=4|committee=3|quorum=2|loadThreshold=75|maxTime=180|crossShardPct=0|requestOfflinePct=0|receiptDropPct=0|ownerCap=3000|mobileThreshold=35,7,2,626,51,COMPLETE,32,32,32,17,32,10,4,0,32,32,32,0,160,0,0,4,529,818,32,1354,32,5254,2030,2,3533,1400
OFAT,LOAD_THRESHOLD,HIGH,baseSeed=626|nTx=32|nValidators=10|nShards=4|committee=3|quorum=2|loadThreshold=75|maxTime=180|crossShardPct=0|requestOfflinePct=0|receiptDropPct=0|ownerCap=3000|mobileThreshold=35,7,3,626,64,COMPLETE,32,32,32,17,32,10,4,0,32,32,32,0,160,0,0,5,530,819,32,1355,32,6442,2839,2,4615,1400
